num_vertices,avg_degree_k,algorithm,execution_time,edge_estimate,graph,fully_reachable,explored_percentage
10000,5,dijkstra,0.13669412,50000,n10000k5.00i0,False,403.01
10000,5,dijkstra,0.13826455999999998,50000,n10000k5.00i0,False,403.01
10000,5,dijkstra,0.13938324000000002,50000,n10000k5.00i0,False,403.01
10000,5,dijkstra,0.13365968000000006,50000,n10000k5.00i0,False,403.01
10000,5,dijkstra,0.14014356000000006,50000,n10000k5.00i0,False,403.01
10000,5,sssp_duan_et_al,1.85240004,50000,n10000k5.00i0,False,403.01
10000,5,sssp_duan_et_al,1.8440148399999994,50000,n10000k5.00i0,False,403.01
10000,5,sssp_duan_et_al,1.8592211600000006,50000,n10000k5.00i0,False,403.01
10000,5,sssp_duan_et_al,1.8759682799999995,50000,n10000k5.00i0,False,403.01
10000,5,sssp_duan_et_al,1.8843142000000004,50000,n10000k5.00i0,False,403.01
10000,5,dijkstra,0.15639651999999948,50000,n10000k5.00i1,False,398.96
10000,5,dijkstra,0.1596334000000006,50000,n10000k5.00i1,False,398.96
10000,5,dijkstra,0.16024663999999866,50000,n10000k5.00i1,False,398.96
10000,5,dijkstra,0.16080596000000114,50000,n10000k5.00i1,False,398.96
10000,5,dijkstra,0.15649643999999974,50000,n10000k5.00i1,False,398.96
10000,5,sssp_duan_et_al,1.8716235999999995,50000,n10000k5.00i1,False,398.96
10000,5,sssp_duan_et_al,1.93986956,50000,n10000k5.00i1,False,398.96
10000,5,sssp_duan_et_al,1.9268732799999988,50000,n10000k5.00i1,False,398.96
10000,5,sssp_duan_et_al,1.9050848800000004,50000,n10000k5.00i1,False,398.96
10000,5,sssp_duan_et_al,1.8815161200000006,50000,n10000k5.00i1,False,398.96
10000,5,dijkstra,0.1599066399999991,50000,n10000k5.00i2,False,403.81
10000,5,dijkstra,0.16598975999999865,50000,n10000k5.00i2,False,403.81
10000,5,dijkstra,0.1592936800000011,50000,n10000k5.00i2,False,403.81
10000,5,dijkstra,0.17402699999999882,50000,n10000k5.00i2,False,403.81
10000,5,dijkstra,0.16375719999999916,50000,n10000k5.00i2,False,403.81
10000,5,sssp_duan_et_al,2.016703679999999,50000,n10000k5.00i2,False,403.81
10000,5,sssp_duan_et_al,2.0092098000000007,50000,n10000k5.00i2,False,403.81
10000,5,sssp_duan_et_al,2.0100561999999975,50000,n10000k5.00i2,False,403.81
10000,5,sssp_duan_et_al,1.9766768799999994,50000,n10000k5.00i2,False,403.81
10000,5,sssp_duan_et_al,2.0129988800000014,50000,n10000k5.00i2,False,403.81
10000,5,dijkstra,0.16547432000000128,50000,n10000k5.00i3,False,402.89
10000,5,dijkstra,0.1600265200000024,50000,n10000k5.00i3,False,402.89
10000,5,dijkstra,0.1629723999999939,50000,n10000k5.00i3,False,402.89
10000,5,dijkstra,0.16471512000000388,50000,n10000k5.00i3,False,402.89
10000,5,dijkstra,0.16999904000000043,50000,n10000k5.00i3,False,402.89
10000,5,sssp_duan_et_al,2.0075678800000034,50000,n10000k5.00i3,False,402.89
10000,5,sssp_duan_et_al,1.9918491999999972,50000,n10000k5.00i3,False,402.89
10000,5,sssp_duan_et_al,1.9867465999999965,50000,n10000k5.00i3,False,402.89
10000,5,sssp_duan_et_al,1.9753422399999963,50000,n10000k5.00i3,False,402.89
10000,5,sssp_duan_et_al,1.9616820800000028,50000,n10000k5.00i3,False,402.89
10000,5,dijkstra,0.16895027999999712,50000,n10000k5.00i4,False,402.02
10000,5,dijkstra,0.16587771999999745,50000,n10000k5.00i4,False,402.02
10000,5,dijkstra,0.16139224000000496,50000,n10000k5.00i4,False,402.02
10000,5,dijkstra,0.16230863999999912,50000,n10000k5.00i4,False,402.02
10000,5,dijkstra,0.17088968000000193,50000,n10000k5.00i4,False,402.02
10000,5,sssp_duan_et_al,1.9961462799999978,50000,n10000k5.00i4,False,402.02
10000,5,sssp_duan_et_al,2.017781880000001,50000,n10000k5.00i4,False,402.02
10000,5,sssp_duan_et_al,2.0045925200000028,50000,n10000k5.00i4,False,402.02
10000,5,sssp_duan_et_al,2.053127840000002,50000,n10000k5.00i4,False,402.02
10000,5,sssp_duan_et_al,2.03886112,50000,n10000k5.00i4,False,402.02
10000,3,dijkstra,0.08553280000000285,30000,n10000k3.00i0,False,212.82000000000002
10000,3,dijkstra,0.0808076799999995,30000,n10000k3.00i0,False,212.82000000000002
10000,3,dijkstra,0.08330224000000186,30000,n10000k3.00i0,False,212.82000000000002
10000,3,dijkstra,0.08046319999999696,30000,n10000k3.00i0,False,212.82000000000002
10000,3,dijkstra,0.08035352000000273,30000,n10000k3.00i0,False,212.82000000000002
10000,3,sssp_duan_et_al,0.8857943199999951,30000,n10000k3.00i0,False,212.82000000000002
10000,3,sssp_duan_et_al,0.8954782400000028,30000,n10000k3.00i0,False,212.82000000000002
10000,3,sssp_duan_et_al,0.8994815599999981,30000,n10000k3.00i0,False,212.82000000000002
10000,3,sssp_duan_et_al,0.8952517600000007,30000,n10000k3.00i0,False,212.82000000000002
10000,3,sssp_duan_et_al,0.9121764799999994,30000,n10000k3.00i0,False,212.82000000000002
10000,3,dijkstra,0.08467080000000493,30000,n10000k3.00i1,False,210.82
10000,3,dijkstra,0.0833436799999987,30000,n10000k3.00i1,False,210.82
10000,3,dijkstra,0.08453876000000093,30000,n10000k3.00i1,False,210.82
10000,3,dijkstra,0.07993084000000295,30000,n10000k3.00i1,False,210.82
10000,3,dijkstra,0.08107116000000048,30000,n10000k3.00i1,False,210.82
10000,3,sssp_duan_et_al,0.9460858400000021,30000,n10000k3.00i1,False,210.82
10000,3,sssp_duan_et_al,0.9477870000000053,30000,n10000k3.00i1,False,210.82
10000,3,sssp_duan_et_al,0.9453326399999895,30000,n10000k3.00i1,False,210.82
10000,3,sssp_duan_et_al,0.9413892400000066,30000,n10000k3.00i1,False,210.82
10000,3,sssp_duan_et_al,0.9544806800000032,30000,n10000k3.00i1,False,210.82
10000,3,dijkstra,0.08028163999999549,30000,n10000k3.00i2,False,211.89
10000,3,dijkstra,0.08073644000000968,30000,n10000k3.00i2,False,211.89
10000,3,dijkstra,0.08000124000000142,30000,n10000k3.00i2,False,211.89
10000,3,dijkstra,0.08204852000000074,30000,n10000k3.00i2,False,211.89
10000,3,dijkstra,0.0786939200000063,30000,n10000k3.00i2,False,211.89
10000,3,sssp_duan_et_al,0.8975526799999898,30000,n10000k3.00i2,False,211.89
10000,3,sssp_duan_et_al,0.9031777200000022,30000,n10000k3.00i2,False,211.89
10000,3,sssp_duan_et_al,0.9234649999999931,30000,n10000k3.00i2,False,211.89
10000,3,sssp_duan_et_al,0.9052256000000085,30000,n10000k3.00i2,False,211.89
10000,3,sssp_duan_et_al,0.922494240000006,30000,n10000k3.00i2,False,211.89
10000,3,dijkstra,0.08413767999999777,30000,n10000k3.00i3,False,210.80999999999997
10000,3,dijkstra,0.08083016000000498,30000,n10000k3.00i3,False,210.80999999999997
10000,3,dijkstra,0.08329415999999412,30000,n10000k3.00i3,False,210.80999999999997
10000,3,dijkstra,0.08421435999999005,30000,n10000k3.00i3,False,210.80999999999997
10000,3,dijkstra,0.08222492000000159,30000,n10000k3.00i3,False,210.80999999999997
10000,3,sssp_duan_et_al,0.9457883199999912,30000,n10000k3.00i3,False,210.80999999999997
10000,3,sssp_duan_et_al,0.9530646799999971,30000,n10000k3.00i3,False,210.80999999999997
10000,3,sssp_duan_et_al,0.9458515999999975,30000,n10000k3.00i3,False,210.80999999999997
10000,3,sssp_duan_et_al,0.9460438400000015,30000,n10000k3.00i3,False,210.80999999999997
10000,3,sssp_duan_et_al,0.9593770000000035,30000,n10000k3.00i3,False,210.80999999999997
10000,3,dijkstra,0.08315335999999718,30000,n10000k3.00i4,False,209.10999999999999
10000,3,dijkstra,0.07964880000000107,30000,n10000k3.00i4,False,209.10999999999999
10000,3,dijkstra,0.08034915999999725,30000,n10000k3.00i4,False,209.10999999999999
10000,3,dijkstra,0.07727335999999241,30000,n10000k3.00i4,False,209.10999999999999
10000,3,dijkstra,0.07717736000000741,30000,n10000k3.00i4,False,209.10999999999999
10000,3,sssp_duan_et_al,0.8974763200000098,30000,n10000k3.00i4,False,209.10999999999999
10000,3,sssp_duan_et_al,0.9093936799999938,30000,n10000k3.00i4,False,209.10999999999999
10000,3,sssp_duan_et_al,0.9023382800000093,30000,n10000k3.00i4,False,209.10999999999999
10000,3,sssp_duan_et_al,0.9055572799999965,30000,n10000k3.00i4,False,209.10999999999999
10000,3,sssp_duan_et_al,0.9253295200000053,30000,n10000k3.00i4,False,209.10999999999999
10000,1,dijkstra,0.009038119999999594,10000,n10000k1.00i0,False,0.01
10000,1,dijkstra,0.005620640000003618,10000,n10000k1.00i0,False,0.01
10000,1,dijkstra,0.005783120000003805,10000,n10000k1.00i0,False,0.01
10000,1,dijkstra,0.005619679999995242,10000,n10000k1.00i0,False,0.01
10000,1,dijkstra,0.005421440000006328,10000,n10000k1.00i0,False,0.01
10000,1,sssp_duan_et_al,0.0021351599999945847,10000,n10000k1.00i0,False,0.01
10000,1,sssp_duan_et_al,0.0019468400000022257,10000,n10000k1.00i0,False,0.01
10000,1,sssp_duan_et_al,0.001851840000000493,10000,n10000k1.00i0,False,0.01
10000,1,sssp_duan_et_al,0.0018589600000069595,10000,n10000k1.00i0,False,0.01
10000,1,sssp_duan_et_al,0.0018555600000098593,10000,n10000k1.00i0,False,0.01
10000,1,dijkstra,0.004977240000002325,10000,n10000k1.00i1,False,0.67
10000,1,dijkstra,0.004333400000007259,10000,n10000k1.00i1,False,0.67
10000,1,dijkstra,0.004247000000006551,10000,n10000k1.00i1,False,0.67
10000,1,dijkstra,0.0041751199999993105,10000,n10000k1.00i1,False,0.67
10000,1,dijkstra,0.004213280000001873,10000,n10000k1.00i1,False,0.67
10000,1,sssp_duan_et_al,0.0027588800000017955,10000,n10000k1.00i1,False,0.67
10000,1,sssp_duan_et_al,0.0026195199999961005,10000,n10000k1.00i1,False,0.67
10000,1,sssp_duan_et_al,0.002540240000001859,10000,n10000k1.00i1,False,0.67
10000,1,sssp_duan_et_al,0.002548399999994899,10000,n10000k1.00i1,False,0.67
10000,1,sssp_duan_et_al,0.0025213999999920134,10000,n10000k1.00i1,False,0.67
10000,1,dijkstra,0.0038679600000079972,10000,n10000k1.00i2,False,0.01
10000,1,dijkstra,0.0036617199999966488,10000,n10000k1.00i2,False,0.01
10000,1,dijkstra,0.0036738000000013926,10000,n10000k1.00i2,False,0.01
10000,1,dijkstra,0.003760400000004438,10000,n10000k1.00i2,False,0.01
10000,1,dijkstra,0.003779439999988199,10000,n10000k1.00i2,False,0.01
10000,1,sssp_duan_et_al,0.0019419600000105675,10000,n10000k1.00i2,False,0.01
10000,1,sssp_duan_et_al,0.0018251599999956625,10000,n10000k1.00i2,False,0.01
10000,1,sssp_duan_et_al,0.001844679999990717,10000,n10000k1.00i2,False,0.01
10000,1,sssp_duan_et_al,0.001790360000001101,10000,n10000k1.00i2,False,0.01
10000,1,sssp_duan_et_al,0.001795959999995489,10000,n10000k1.00i2,False,0.01
10000,1,dijkstra,0.004287279999999782,10000,n10000k1.00i3,False,1.4000000000000001
10000,1,dijkstra,0.004030920000005267,10000,n10000k1.00i3,False,1.4000000000000001
10000,1,dijkstra,0.0038788399999987178,10000,n10000k1.00i3,False,1.4000000000000001
10000,1,dijkstra,0.003769520000005855,10000,n10000k1.00i3,False,1.4000000000000001
10000,1,dijkstra,0.003738079999990873,10000,n10000k1.00i3,False,1.4000000000000001
10000,1,sssp_duan_et_al,0.0037275600000015174,10000,n10000k1.00i3,False,1.4000000000000001
10000,1,sssp_duan_et_al,0.0036347599999970726,10000,n10000k1.00i3,False,1.4000000000000001
10000,1,sssp_duan_et_al,0.0035918399999985695,10000,n10000k1.00i3,False,1.4000000000000001
10000,1,sssp_duan_et_al,0.0035947199999952772,10000,n10000k1.00i3,False,1.4000000000000001
10000,1,sssp_duan_et_al,0.003627280000003452,10000,n10000k1.00i3,False,1.4000000000000001
10000,1,dijkstra,0.00476472000001138,10000,n10000k1.00i4,False,0.01
10000,1,dijkstra,0.004373199999989197,10000,n10000k1.00i4,False,0.01
10000,1,dijkstra,0.004564400000006685,10000,n10000k1.00i4,False,0.01
10000,1,dijkstra,0.004653959999998847,10000,n10000k1.00i4,False,0.01
10000,1,dijkstra,0.005059119999998529,10000,n10000k1.00i4,False,0.01
10000,1,sssp_duan_et_al,0.002162439999992216,10000,n10000k1.00i4,False,0.01
10000,1,sssp_duan_et_al,0.002051879999996231,10000,n10000k1.00i4,False,0.01
10000,1,sssp_duan_et_al,0.0019159200000018473,10000,n10000k1.00i4,False,0.01
10000,1,sssp_duan_et_al,0.0018539600000053724,10000,n10000k1.00i4,False,0.01
10000,1,sssp_duan_et_al,0.0018728799999934154,10000,n10000k1.00i4,False,0.01
10000,0.8,dijkstra,0.0036043600000112974,8000.0,n10000k0.80i0,False,0.01
10000,0.8,dijkstra,0.003172080000013011,8000.0,n10000k0.80i0,False,0.01
10000,0.8,dijkstra,0.0035088400000091724,8000.0,n10000k0.80i0,False,0.01
10000,0.8,dijkstra,0.003517919999993069,8000.0,n10000k0.80i0,False,0.01
10000,0.8,dijkstra,0.0036584400000094774,8000.0,n10000k0.80i0,False,0.01
10000,0.8,sssp_duan_et_al,0.0018004400000108944,8000.0,n10000k0.80i0,False,0.01
10000,0.8,sssp_duan_et_al,0.001577359999998862,8000.0,n10000k0.80i0,False,0.01
10000,0.8,sssp_duan_et_al,0.0015624799999898187,8000.0,n10000k0.80i0,False,0.01
10000,0.8,sssp_duan_et_al,0.0014871599999963792,8000.0,n10000k0.80i0,False,0.01
10000,0.8,sssp_duan_et_al,0.0014840399999940246,8000.0,n10000k0.80i0,False,0.01
10000,0.8,dijkstra,0.003590079999995055,8000.0,n10000k0.80i1,False,0.02
10000,0.8,dijkstra,0.0032336799999939103,8000.0,n10000k0.80i1,False,0.02
10000,0.8,dijkstra,0.0031406399999980295,8000.0,n10000k0.80i1,False,0.02
10000,0.8,dijkstra,0.0030964400000073056,8000.0,n10000k0.80i1,False,0.02
10000,0.8,dijkstra,0.0031328000000030443,8000.0,n10000k0.80i1,False,0.02
10000,0.8,sssp_duan_et_al,0.0016976399999890646,8000.0,n10000k0.80i1,False,0.02
10000,0.8,sssp_duan_et_al,0.0015809599999982993,8000.0,n10000k0.80i1,False,0.02
10000,0.8,sssp_duan_et_al,0.0015331599999939272,8000.0,n10000k0.80i1,False,0.02
10000,0.8,sssp_duan_et_al,0.001576880000001779,8000.0,n10000k0.80i1,False,0.02
10000,0.8,sssp_duan_et_al,0.0015380800000031059,8000.0,n10000k0.80i1,False,0.02
10000,0.8,dijkstra,0.0037227599999880567,8000.0,n10000k0.80i2,False,0.27
10000,0.8,dijkstra,0.003101999999998384,8000.0,n10000k0.80i2,False,0.27
10000,0.8,dijkstra,0.003109960000003298,8000.0,n10000k0.80i2,False,0.27
10000,0.8,dijkstra,0.0029276799999991,8000.0,n10000k0.80i2,False,0.27
10000,0.8,dijkstra,0.002876760000006584,8000.0,n10000k0.80i2,False,0.27
10000,0.8,sssp_duan_et_al,0.0019291999999921927,8000.0,n10000k0.80i2,False,0.27
10000,0.8,sssp_duan_et_al,0.0018068000000113216,8000.0,n10000k0.80i2,False,0.27
10000,0.8,sssp_duan_et_al,0.001827839999990033,8000.0,n10000k0.80i2,False,0.27
10000,0.8,sssp_duan_et_al,0.001812000000001035,8000.0,n10000k0.80i2,False,0.27
10000,0.8,sssp_duan_et_al,0.0017806399999926725,8000.0,n10000k0.80i2,False,0.27
10000,0.8,dijkstra,0.0032027600000077427,8000.0,n10000k0.80i3,False,0.02
10000,0.8,dijkstra,0.0029759999999896536,8000.0,n10000k0.80i3,False,0.02
10000,0.8,dijkstra,0.0028740000000055943,8000.0,n10000k0.80i3,False,0.02
10000,0.8,dijkstra,0.0028294399999992947,8000.0,n10000k0.80i3,False,0.02
10000,0.8,dijkstra,0.0028251199999971277,8000.0,n10000k0.80i3,False,0.02
10000,0.8,sssp_duan_et_al,0.001676520000003734,8000.0,n10000k0.80i3,False,0.02
10000,0.8,sssp_duan_et_al,0.0015493199999951912,8000.0,n10000k0.80i3,False,0.02
10000,0.8,sssp_duan_et_al,0.0015892400000012685,8000.0,n10000k0.80i3,False,0.02
10000,0.8,sssp_duan_et_al,0.0015417599999949516,8000.0,n10000k0.80i3,False,0.02
10000,0.8,sssp_duan_et_al,0.0015393999999986363,8000.0,n10000k0.80i3,False,0.02
10000,0.8,dijkstra,0.0032080399999898646,8000.0,n10000k0.80i4,False,0.01
10000,0.8,dijkstra,0.0030070800000032705,8000.0,n10000k0.80i4,False,0.01
10000,0.8,dijkstra,0.0028956000000022186,8000.0,n10000k0.80i4,False,0.01
10000,0.8,dijkstra,0.002850240000000781,8000.0,n10000k0.80i4,False,0.01
10000,0.8,dijkstra,0.002857559999995374,8000.0,n10000k0.80i4,False,0.01
10000,0.8,sssp_duan_et_al,0.0016182800000024145,8000.0,n10000k0.80i4,False,0.01
10000,0.8,sssp_duan_et_al,0.0015194399999955976,8000.0,n10000k0.80i4,False,0.01
10000,0.8,sssp_duan_et_al,0.001510280000005082,8000.0,n10000k0.80i4,False,0.01
10000,0.8,sssp_duan_et_al,0.0014755199999996194,8000.0,n10000k0.80i4,False,0.01
10000,0.8,sssp_duan_et_al,0.0014997199999982058,8000.0,n10000k0.80i4,False,0.01
10000,0.7,dijkstra,0.002727960000001417,7000.0,n10000k0.70i0,False,0.06
10000,0.7,dijkstra,0.002566040000004932,7000.0,n10000k0.70i0,False,0.06
10000,0.7,dijkstra,0.0025417599999997265,7000.0,n10000k0.70i0,False,0.06
10000,0.7,dijkstra,0.0025003199999957815,7000.0,n10000k0.70i0,False,0.06
10000,0.7,dijkstra,0.002490600000001564,7000.0,n10000k0.70i0,False,0.06
10000,0.7,sssp_duan_et_al,0.0014843599999920798,7000.0,n10000k0.70i0,False,0.06
10000,0.7,sssp_duan_et_al,0.0014558000000022275,7000.0,n10000k0.70i0,False,0.06
10000,0.7,sssp_duan_et_al,0.001413279999994188,7000.0,n10000k0.70i0,False,0.06
10000,0.7,sssp_duan_et_al,0.0014471200000087947,7000.0,n10000k0.70i0,False,0.06
10000,0.7,sssp_duan_et_al,0.0014042399999993904,7000.0,n10000k0.70i0,False,0.06
10000,0.7,dijkstra,0.002955880000001798,7000.0,n10000k0.70i1,False,0.01
10000,0.7,dijkstra,0.002647119999991787,7000.0,n10000k0.70i1,False,0.01
10000,0.7,dijkstra,0.002601679999997941,7000.0,n10000k0.70i1,False,0.01
10000,0.7,dijkstra,0.002516639999996073,7000.0,n10000k0.70i1,False,0.01
10000,0.7,dijkstra,0.0025229599999931906,7000.0,n10000k0.70i1,False,0.01
10000,0.7,sssp_duan_et_al,0.0014003200000018978,7000.0,n10000k0.70i1,False,0.01
10000,0.7,sssp_duan_et_al,0.0013747600000044713,7000.0,n10000k0.70i1,False,0.01
10000,0.7,sssp_duan_et_al,0.0012994800000001305,7000.0,n10000k0.70i1,False,0.01
10000,0.7,sssp_duan_et_al,0.0013408399999974563,7000.0,n10000k0.70i1,False,0.01
10000,0.7,sssp_duan_et_al,0.001296920000001478,7000.0,n10000k0.70i1,False,0.01
10000,0.7,dijkstra,0.002745719999992957,7000.0,n10000k0.70i2,False,0.04
10000,0.7,dijkstra,0.0025591600000041126,7000.0,n10000k0.70i2,False,0.04
10000,0.7,dijkstra,0.0025136400000036474,7000.0,n10000k0.70i2,False,0.04
10000,0.7,dijkstra,0.0025672800000080542,7000.0,n10000k0.70i2,False,0.04
10000,0.7,dijkstra,0.002537119999999504,7000.0,n10000k0.70i2,False,0.04
10000,0.7,sssp_duan_et_al,0.0014691199999958826,7000.0,n10000k0.70i2,False,0.04
10000,0.7,sssp_duan_et_al,0.001392320000007885,7000.0,n10000k0.70i2,False,0.04
10000,0.7,sssp_duan_et_al,0.001368200000001707,7000.0,n10000k0.70i2,False,0.04
10000,0.7,sssp_duan_et_al,0.001361920000007899,7000.0,n10000k0.70i2,False,0.04
10000,0.7,sssp_duan_et_al,0.0013658799999944904,7000.0,n10000k0.70i2,False,0.04
10000,0.7,dijkstra,0.002624560000000997,7000.0,n10000k0.70i3,False,0.03
10000,0.7,dijkstra,0.0024633200000039324,7000.0,n10000k0.70i3,False,0.03
10000,0.7,dijkstra,0.0024478400000020883,7000.0,n10000k0.70i3,False,0.03
10000,0.7,dijkstra,0.002499560000003953,7000.0,n10000k0.70i3,False,0.03
10000,0.7,dijkstra,0.002482479999997622,7000.0,n10000k0.70i3,False,0.03
10000,0.7,sssp_duan_et_al,0.0014464400000093747,7000.0,n10000k0.70i3,False,0.03
10000,0.7,sssp_duan_et_al,0.0013641200000051867,7000.0,n10000k0.70i3,False,0.03
10000,0.7,sssp_duan_et_al,0.0013488000000023703,7000.0,n10000k0.70i3,False,0.03
10000,0.7,sssp_duan_et_al,0.0013545999999990954,7000.0,n10000k0.70i3,False,0.03
10000,0.7,sssp_duan_et_al,0.0013492799999994531,7000.0,n10000k0.70i3,False,0.03
10000,0.7,dijkstra,0.0029333199999967974,7000.0,n10000k0.70i4,False,0.02
10000,0.7,dijkstra,0.0026569600000101445,7000.0,n10000k0.70i4,False,0.02
10000,0.7,dijkstra,0.0025487999999995736,7000.0,n10000k0.70i4,False,0.02
10000,0.7,dijkstra,0.0025183999999995876,7000.0,n10000k0.70i4,False,0.02
10000,0.7,dijkstra,0.002546599999988075,7000.0,n10000k0.70i4,False,0.02
10000,0.7,sssp_duan_et_al,0.0014988399999964486,7000.0,n10000k0.70i4,False,0.02
10000,0.7,sssp_duan_et_al,0.0014315999999894302,7000.0,n10000k0.70i4,False,0.02
10000,0.7,sssp_duan_et_al,0.0014135600000031445,7000.0,n10000k0.70i4,False,0.02
10000,0.7,sssp_duan_et_al,0.0014101200000027347,7000.0,n10000k0.70i4,False,0.02
10000,0.7,sssp_duan_et_al,0.001405320000003485,7000.0,n10000k0.70i4,False,0.02
10000,0.5,dijkstra,0.0022599600000035025,5000.0,n10000k0.50i0,False,0.01
10000,0.5,dijkstra,0.0020068800000103693,5000.0,n10000k0.50i0,False,0.01
10000,0.5,dijkstra,0.0019322799999912377,5000.0,n10000k0.50i0,False,0.01
10000,0.5,dijkstra,0.0018675999999970827,5000.0,n10000k0.50i0,False,0.01
10000,0.5,dijkstra,0.0018953199999884873,5000.0,n10000k0.50i0,False,0.01
10000,0.5,sssp_duan_et_al,0.001085599999996134,5000.0,n10000k0.50i0,False,0.01
10000,0.5,sssp_duan_et_al,0.0010359999999991487,5000.0,n10000k0.50i0,False,0.01
10000,0.5,sssp_duan_et_al,0.0009964799999977458,5000.0,n10000k0.50i0,False,0.01
10000,0.5,sssp_duan_et_al,0.0009867599999893173,5000.0,n10000k0.50i0,False,0.01
10000,0.5,sssp_duan_et_al,0.0010295200000030036,5000.0,n10000k0.50i0,False,0.01
10000,0.5,dijkstra,0.002029600000000187,5000.0,n10000k0.50i1,False,0.02
10000,0.5,dijkstra,0.0018273999999962598,5000.0,n10000k0.50i1,False,0.02
10000,0.5,dijkstra,0.0018285999999960723,5000.0,n10000k0.50i1,False,0.02
10000,0.5,dijkstra,0.001797439999990047,5000.0,n10000k0.50i1,False,0.02
10000,0.5,dijkstra,0.0018657199999978502,5000.0,n10000k0.50i1,False,0.02
10000,0.5,sssp_duan_et_al,0.0011414799999869274,5000.0,n10000k0.50i1,False,0.02
10000,0.5,sssp_duan_et_al,0.001031280000006518,5000.0,n10000k0.50i1,False,0.02
10000,0.5,sssp_duan_et_al,0.0010103200000060042,5000.0,n10000k0.50i1,False,0.02
10000,0.5,sssp_duan_et_al,0.0010338800000084802,5000.0,n10000k0.50i1,False,0.02
10000,0.5,sssp_duan_et_al,0.0010070800000079316,5000.0,n10000k0.50i1,False,0.02
10000,0.5,dijkstra,0.0021189200000009123,5000.0,n10000k0.50i2,False,0.02
10000,0.5,dijkstra,0.001954440000005775,5000.0,n10000k0.50i2,False,0.02
10000,0.5,dijkstra,0.001884759999995822,5000.0,n10000k0.50i2,False,0.02
10000,0.5,dijkstra,0.00190136000000507,5000.0,n10000k0.50i2,False,0.02
10000,0.5,dijkstra,0.0018394800000010036,5000.0,n10000k0.50i2,False,0.02
10000,0.5,sssp_duan_et_al,0.0011219199999885632,5000.0,n10000k0.50i2,False,0.02
10000,0.5,sssp_duan_et_al,0.0010417999999958738,5000.0,n10000k0.50i2,False,0.02
10000,0.5,sssp_duan_et_al,0.001054639999992446,5000.0,n10000k0.50i2,False,0.02
10000,0.5,sssp_duan_et_al,0.0010082000000011249,5000.0,n10000k0.50i2,False,0.02
10000,0.5,sssp_duan_et_al,0.0010028400000123838,5000.0,n10000k0.50i2,False,0.02
10000,0.5,dijkstra,0.002091199999995297,5000.0,n10000k0.50i3,False,0.02
10000,0.5,dijkstra,0.001920400000003042,5000.0,n10000k0.50i3,False,0.02
10000,0.5,dijkstra,0.0019475600000049553,5000.0,n10000k0.50i3,False,0.02
10000,0.5,dijkstra,0.0018930399999987912,5000.0,n10000k0.50i3,False,0.02
10000,0.5,dijkstra,0.0019267999999925678,5000.0,n10000k0.50i3,False,0.02
10000,0.5,sssp_duan_et_al,0.0011483600000019578,5000.0,n10000k0.50i3,False,0.02
10000,0.5,sssp_duan_et_al,0.001073759999997037,5000.0,n10000k0.50i3,False,0.02
10000,0.5,sssp_duan_et_al,0.0010571199999986902,5000.0,n10000k0.50i3,False,0.02
10000,0.5,sssp_duan_et_al,0.001092319999997926,5000.0,n10000k0.50i3,False,0.02
10000,0.5,sssp_duan_et_al,0.0010446799999925815,5000.0,n10000k0.50i3,False,0.02
10000,0.5,dijkstra,0.002428639999990878,5000.0,n10000k0.50i4,False,0.06
10000,0.5,dijkstra,0.002125359999993748,5000.0,n10000k0.50i4,False,0.06
10000,0.5,dijkstra,0.0019756800000010344,5000.0,n10000k0.50i4,False,0.06
10000,0.5,dijkstra,0.0019435600000008435,5000.0,n10000k0.50i4,False,0.06
10000,0.5,dijkstra,0.001983359999996992,5000.0,n10000k0.50i4,False,0.06
10000,0.5,sssp_duan_et_al,0.0012151199999976825,5000.0,n10000k0.50i4,False,0.06
10000,0.5,sssp_duan_et_al,0.001162239999999315,5000.0,n10000k0.50i4,False,0.06
10000,0.5,sssp_duan_et_al,0.0011055599999991728,5000.0,n10000k0.50i4,False,0.06
10000,0.5,sssp_duan_et_al,0.0011484799999976758,5000.0,n10000k0.50i4,False,0.06
10000,0.5,sssp_duan_et_al,0.001099159999995436,5000.0,n10000k0.50i4,False,0.06
50000,5,dijkstra,1.0763815599999873,250000,n50000k5.00i0,False,402.142
50000,5,dijkstra,1.0778370400000057,250000,n50000k5.00i0,False,402.142
50000,5,dijkstra,1.073670480000004,250000,n50000k5.00i0,False,402.142
50000,5,dijkstra,1.0472115200000047,250000,n50000k5.00i0,False,402.142
50000,5,dijkstra,1.062509200000008,250000,n50000k5.00i0,False,402.142
50000,5,sssp_duan_et_al,38.474961239999985,250000,n50000k5.00i0,False,402.142
50000,5,sssp_duan_et_al,39.22007196000001,250000,n50000k5.00i0,False,402.142
50000,5,sssp_duan_et_al,40.651536600000014,250000,n50000k5.00i0,False,402.142
50000,5,sssp_duan_et_al,39.22765432,250000,n50000k5.00i0,False,402.142
50000,5,sssp_duan_et_al,41.06132343999997,250000,n50000k5.00i0,False,402.142
50000,5,dijkstra,1.1365238399999953,250000,n50000k5.00i1,False,403.484
50000,5,dijkstra,1.137089880000019,250000,n50000k5.00i1,False,403.484
50000,5,dijkstra,1.1199629200000345,250000,n50000k5.00i1,False,403.484
50000,5,dijkstra,1.1063812400000188,250000,n50000k5.00i1,False,403.484
50000,5,dijkstra,1.0942093200000045,250000,n50000k5.00i1,False,403.484
50000,5,sssp_duan_et_al,41.922407239999984,250000,n50000k5.00i1,False,403.484
50000,5,sssp_duan_et_al,41.40610448000001,250000,n50000k5.00i1,False,403.484
50000,5,sssp_duan_et_al,42.20090812000001,250000,n50000k5.00i1,False,403.484
50000,5,sssp_duan_et_al,41.00089751999997,250000,n50000k5.00i1,False,403.484
50000,5,sssp_duan_et_al,42.47933255999999,250000,n50000k5.00i1,False,403.484
50000,5,dijkstra,1.155615320000038,250000,n50000k5.00i2,False,402.846
50000,5,dijkstra,1.1762352800000144,250000,n50000k5.00i2,False,402.846
50000,5,dijkstra,1.1430246799999395,250000,n50000k5.00i2,False,402.846
50000,5,dijkstra,1.1279046800000287,250000,n50000k5.00i2,False,402.846
50000,5,dijkstra,1.1475293199999896,250000,n50000k5.00i2,False,402.846
50000,5,sssp_duan_et_al,41.63165300000003,250000,n50000k5.00i2,False,402.846
50000,5,sssp_duan_et_al,42.057206199999996,250000,n50000k5.00i2,False,402.846
50000,5,sssp_duan_et_al,42.776212039999905,250000,n50000k5.00i2,False,402.846
50000,5,sssp_duan_et_al,45.29477608000002,250000,n50000k5.00i2,False,402.846
50000,5,sssp_duan_et_al,44.209693079999965,250000,n50000k5.00i2,False,402.846
50000,5,dijkstra,1.2455269600000065,250000,n50000k5.00i3,False,401.776
50000,5,dijkstra,1.2405724000000191,250000,n50000k5.00i3,False,401.776
50000,5,dijkstra,1.2119648799999823,250000,n50000k5.00i3,False,401.776
50000,5,dijkstra,1.2283117200000788,250000,n50000k5.00i3,False,401.776
50000,5,dijkstra,1.2639663599999267,250000,n50000k5.00i3,False,401.776
50000,5,sssp_duan_et_al,47.95702800000004,250000,n50000k5.00i3,False,401.776
50000,5,sssp_duan_et_al,46.639788159999966,250000,n50000k5.00i3,False,401.776
50000,5,sssp_duan_et_al,50.45506252000007,250000,n50000k5.00i3,False,401.776
50000,5,sssp_duan_et_al,47.68259368000008,250000,n50000k5.00i3,False,401.776
50000,5,sssp_duan_et_al,48.209998799999994,250000,n50000k5.00i3,False,401.776
50000,5,dijkstra,1.221546599999897,250000,n50000k5.00i4,False,401.438
50000,5,dijkstra,1.2301928399999724,250000,n50000k5.00i4,False,401.438
50000,5,dijkstra,1.1958106399999906,250000,n50000k5.00i4,False,401.438
50000,5,dijkstra,1.1925944399999935,250000,n50000k5.00i4,False,401.438
50000,5,dijkstra,1.2275884400000905,250000,n50000k5.00i4,False,401.438
50000,5,sssp_duan_et_al,43.322699599999964,250000,n50000k5.00i4,False,401.438
50000,5,sssp_duan_et_al,43.812854159999915,250000,n50000k5.00i4,False,401.438
50000,5,sssp_duan_et_al,42.67803976000005,250000,n50000k5.00i4,False,401.438
50000,5,sssp_duan_et_al,44.046958240000095,250000,n50000k5.00i4,False,401.438
50000,5,sssp_duan_et_al,44.18657968000002,250000,n50000k5.00i4,False,401.438
50000,3,dijkstra,0.62920280000003,150000,n50000k3.00i0,False,211.78
50000,3,dijkstra,0.6088380799999413,150000,n50000k3.00i0,False,211.78
50000,3,dijkstra,0.6077647199999774,150000,n50000k3.00i0,False,211.78
50000,3,dijkstra,0.5948541999998724,150000,n50000k3.00i0,False,211.78
50000,3,dijkstra,0.5950752399999146,150000,n50000k3.00i0,False,211.78
50000,3,sssp_duan_et_al,16.218747440000016,150000,n50000k3.00i0,False,211.78
50000,3,sssp_duan_et_al,16.69668635999983,150000,n50000k3.00i0,False,211.78
50000,3,sssp_duan_et_al,16.441751280000062,150000,n50000k3.00i0,False,211.78
50000,3,sssp_duan_et_al,16.285026440000138,150000,n50000k3.00i0,False,211.78
50000,3,sssp_duan_et_al,16.457792240000117,150000,n50000k3.00i0,False,211.78
50000,3,dijkstra,0.645842679999987,150000,n50000k3.00i1,False,210.91199999999998
50000,3,dijkstra,0.6118617200002063,150000,n50000k3.00i1,False,210.91199999999998
50000,3,dijkstra,0.5999535999999352,150000,n50000k3.00i1,False,210.91199999999998
50000,3,dijkstra,0.5855159599998387,150000,n50000k3.00i1,False,210.91199999999998
50000,3,dijkstra,0.581898160000037,150000,n50000k3.00i1,False,210.91199999999998
50000,3,sssp_duan_et_al,18.121496080000043,150000,n50000k3.00i1,False,210.91199999999998
50000,3,sssp_duan_et_al,18.158088720000023,150000,n50000k3.00i1,False,210.91199999999998
50000,3,sssp_duan_et_al,18.49991607999982,150000,n50000k3.00i1,False,210.91199999999998
50000,3,sssp_duan_et_al,18.329909280000038,150000,n50000k3.00i1,False,210.91199999999998
50000,3,sssp_duan_et_al,18.699777240000003,150000,n50000k3.00i1,False,210.91199999999998
50000,3,dijkstra,0.5725437199998851,150000,n50000k3.00i2,False,210.506
50000,3,dijkstra,0.5785677999999734,150000,n50000k3.00i2,False,210.506
50000,3,dijkstra,0.5786965600000258,150000,n50000k3.00i2,False,210.506
50000,3,dijkstra,0.576554680000072,150000,n50000k3.00i2,False,210.506
50000,3,dijkstra,0.5711222800000542,150000,n50000k3.00i2,False,210.506
50000,3,sssp_duan_et_al,16.28928248000011,150000,n50000k3.00i2,False,210.506
50000,3,sssp_duan_et_al,16.284491079999952,150000,n50000k3.00i2,False,210.506
50000,3,sssp_duan_et_al,16.28805031999991,150000,n50000k3.00i2,False,210.506
50000,3,sssp_duan_et_al,16.39199916000007,150000,n50000k3.00i2,False,210.506
50000,3,sssp_duan_et_al,16.333424880000166,150000,n50000k3.00i2,False,210.506
50000,3,dijkstra,0.6035729200000333,150000,n50000k3.00i3,False,211.64800000000002
50000,3,dijkstra,0.587521759999845,150000,n50000k3.00i3,False,211.64800000000002
50000,3,dijkstra,0.5869456799998716,150000,n50000k3.00i3,False,211.64800000000002
50000,3,dijkstra,0.5781565199999932,150000,n50000k3.00i3,False,211.64800000000002
50000,3,dijkstra,0.5844668400000046,150000,n50000k3.00i3,False,211.64800000000002
50000,3,sssp_duan_et_al,17.136750279999887,150000,n50000k3.00i3,False,211.64800000000002
50000,3,sssp_duan_et_al,16.84003744000006,150000,n50000k3.00i3,False,211.64800000000002
50000,3,sssp_duan_et_al,17.028242320000118,150000,n50000k3.00i3,False,211.64800000000002
50000,3,sssp_duan_et_al,17.09938391999981,150000,n50000k3.00i3,False,211.64800000000002
50000,3,sssp_duan_et_al,17.017723120000028,150000,n50000k3.00i3,False,211.64800000000002
50000,3,dijkstra,0.5764762399999199,150000,n50000k3.00i4,False,210.332
50000,3,dijkstra,0.5730895599999712,150000,n50000k3.00i4,False,210.332
50000,3,dijkstra,0.5841951600000357,150000,n50000k3.00i4,False,210.332
50000,3,dijkstra,0.589804279999953,150000,n50000k3.00i4,False,210.332
50000,3,dijkstra,0.5706302799999321,150000,n50000k3.00i4,False,210.332
50000,3,sssp_duan_et_al,15.447439880000047,150000,n50000k3.00i4,False,210.332
50000,3,sssp_duan_et_al,15.325144919999957,150000,n50000k3.00i4,False,210.332
50000,3,sssp_duan_et_al,15.262248239999963,150000,n50000k3.00i4,False,210.332
50000,3,sssp_duan_et_al,15.332578440000134,150000,n50000k3.00i4,False,210.332
50000,3,sssp_duan_et_al,15.538602840000067,150000,n50000k3.00i4,False,210.332
50000,1,dijkstra,0.05511759999990318,50000,n50000k1.00i0,False,0.004
50000,1,dijkstra,0.041042479999987336,50000,n50000k1.00i0,False,0.004
50000,1,dijkstra,0.04098528000008628,50000,n50000k1.00i0,False,0.004
50000,1,dijkstra,0.036220319999983985,50000,n50000k1.00i0,False,0.004
50000,1,dijkstra,0.03713804000017262,50000,n50000k1.00i0,False,0.004
50000,1,sssp_duan_et_al,0.012779320000163352,50000,n50000k1.00i0,False,0.004
50000,1,sssp_duan_et_al,0.012375959999872066,50000,n50000k1.00i0,False,0.004
50000,1,sssp_duan_et_al,0.012288839999882839,50000,n50000k1.00i0,False,0.004
50000,1,sssp_duan_et_al,0.012204440000004979,50000,n50000k1.00i0,False,0.004
50000,1,sssp_duan_et_al,0.012422079999851121,50000,n50000k1.00i0,False,0.004
50000,1,dijkstra,0.04124720000004345,50000,n50000k1.00i1,False,0.002
50000,1,dijkstra,0.04141016000016862,50000,n50000k1.00i1,False,0.002
50000,1,dijkstra,0.03803784000001542,50000,n50000k1.00i1,False,0.002
50000,1,dijkstra,0.038999680000188164,50000,n50000k1.00i1,False,0.002
50000,1,dijkstra,0.03962380000007215,50000,n50000k1.00i1,False,0.002
50000,1,sssp_duan_et_al,0.01371304000008422,50000,n50000k1.00i1,False,0.002
50000,1,sssp_duan_et_al,0.01317908000009993,50000,n50000k1.00i1,False,0.002
50000,1,sssp_duan_et_al,0.01339708000000428,50000,n50000k1.00i1,False,0.002
50000,1,sssp_duan_et_al,0.013112439999986236,50000,n50000k1.00i1,False,0.002
50000,1,sssp_duan_et_al,0.013012319999916144,50000,n50000k1.00i1,False,0.002
50000,1,dijkstra,0.045403639999904044,50000,n50000k1.00i2,False,0.026
50000,1,dijkstra,0.043276640000158295,50000,n50000k1.00i2,False,0.026
50000,1,dijkstra,0.04103919999988648,50000,n50000k1.00i2,False,0.026
50000,1,dijkstra,0.040109080000092945,50000,n50000k1.00i2,False,0.026
50000,1,dijkstra,0.038767520000192235,50000,n50000k1.00i2,False,0.026
50000,1,sssp_duan_et_al,0.013941279999926337,50000,n50000k1.00i2,False,0.026
50000,1,sssp_duan_et_al,0.013050840000005337,50000,n50000k1.00i2,False,0.026
50000,1,sssp_duan_et_al,0.013522640000019237,50000,n50000k1.00i2,False,0.026
50000,1,sssp_duan_et_al,0.013352599999961967,50000,n50000k1.00i2,False,0.026
50000,1,sssp_duan_et_al,0.013455719999910798,50000,n50000k1.00i2,False,0.026
50000,1,dijkstra,0.03938180000000102,50000,n50000k1.00i3,False,0.002
50000,1,dijkstra,0.03713104000007661,50000,n50000k1.00i3,False,0.002
50000,1,dijkstra,0.0399230800001078,50000,n50000k1.00i3,False,0.002
50000,1,dijkstra,0.03873096000006626,50000,n50000k1.00i3,False,0.002
50000,1,dijkstra,0.03850671999998667,50000,n50000k1.00i3,False,0.002
50000,1,sssp_duan_et_al,0.013219160000062402,50000,n50000k1.00i3,False,0.002
50000,1,sssp_duan_et_al,0.012854400000151145,50000,n50000k1.00i3,False,0.002
50000,1,sssp_duan_et_al,0.012559720000126617,50000,n50000k1.00i3,False,0.002
50000,1,sssp_duan_et_al,0.012396880000096644,50000,n50000k1.00i3,False,0.002
50000,1,sssp_duan_et_al,0.012555759999941074,50000,n50000k1.00i3,False,0.002
50000,1,dijkstra,0.03770615999997062,50000,n50000k1.00i4,False,0.002
50000,1,dijkstra,0.0331676000000698,50000,n50000k1.00i4,False,0.002
50000,1,dijkstra,0.034757920000174636,50000,n50000k1.00i4,False,0.002
50000,1,dijkstra,0.0354198400000314,50000,n50000k1.00i4,False,0.002
50000,1,dijkstra,0.038887440000053175,50000,n50000k1.00i4,False,0.002
50000,1,sssp_duan_et_al,0.013474840000071708,50000,n50000k1.00i4,False,0.002
50000,1,sssp_duan_et_al,0.012746360000164714,50000,n50000k1.00i4,False,0.002
50000,1,sssp_duan_et_al,0.012599279999903956,50000,n50000k1.00i4,False,0.002
50000,1,sssp_duan_et_al,0.01233711999998377,50000,n50000k1.00i4,False,0.002
50000,1,sssp_duan_et_al,0.012234360000093147,50000,n50000k1.00i4,False,0.002
50000,0.8,dijkstra,0.03253139999992527,40000.0,n50000k0.80i0,False,0.002
50000,0.8,dijkstra,0.029346239999995305,40000.0,n50000k0.80i0,False,0.002
50000,0.8,dijkstra,0.029203120000147464,40000.0,n50000k0.80i0,False,0.002
50000,0.8,dijkstra,0.02905467999994471,40000.0,n50000k0.80i0,False,0.002
50000,0.8,dijkstra,0.028596839999863732,40000.0,n50000k0.80i0,False,0.002
50000,0.8,sssp_duan_et_al,0.011029760000155875,40000.0,n50000k0.80i0,False,0.002
50000,0.8,sssp_duan_et_al,0.01024120000010953,40000.0,n50000k0.80i0,False,0.002
50000,0.8,sssp_duan_et_al,0.010401680000086344,40000.0,n50000k0.80i0,False,0.002
50000,0.8,sssp_duan_et_al,0.010190439999860246,40000.0,n50000k0.80i0,False,0.002
50000,0.8,sssp_duan_et_al,0.0099045599999954,40000.0,n50000k0.80i0,False,0.002
50000,0.8,dijkstra,0.029413199999908102,40000.0,n50000k0.80i1,False,0.018000000000000002
50000,0.8,dijkstra,0.027745079999931477,40000.0,n50000k0.80i1,False,0.018000000000000002
50000,0.8,dijkstra,0.030367680000153996,40000.0,n50000k0.80i1,False,0.018000000000000002
50000,0.8,dijkstra,0.028171359999987544,40000.0,n50000k0.80i1,False,0.018000000000000002
50000,0.8,dijkstra,0.028404200000068158,40000.0,n50000k0.80i1,False,0.018000000000000002
50000,0.8,sssp_duan_et_al,0.01084483999989061,40000.0,n50000k0.80i1,False,0.018000000000000002
50000,0.8,sssp_duan_et_al,0.010154159999956391,40000.0,n50000k0.80i1,False,0.018000000000000002
50000,0.8,sssp_duan_et_al,0.010521160000052987,40000.0,n50000k0.80i1,False,0.018000000000000002
50000,0.8,sssp_duan_et_al,0.010334840000041368,40000.0,n50000k0.80i1,False,0.018000000000000002
50000,0.8,sssp_duan_et_al,0.010201280000046609,40000.0,n50000k0.80i1,False,0.018000000000000002
50000,0.8,dijkstra,0.02936275999991267,40000.0,n50000k0.80i2,False,0.004
50000,0.8,dijkstra,0.029310240000086196,40000.0,n50000k0.80i2,False,0.004
50000,0.8,dijkstra,0.02791283999999905,40000.0,n50000k0.80i2,False,0.004
50000,0.8,dijkstra,0.029634960000066712,40000.0,n50000k0.80i2,False,0.004
50000,0.8,dijkstra,0.031264039999996385,40000.0,n50000k0.80i2,False,0.004
50000,0.8,sssp_duan_et_al,0.01125555999988137,40000.0,n50000k0.80i2,False,0.004
50000,0.8,sssp_duan_et_al,0.010697720000052868,40000.0,n50000k0.80i2,False,0.004
50000,0.8,sssp_duan_et_al,0.010648360000004686,40000.0,n50000k0.80i2,False,0.004
50000,0.8,sssp_duan_et_al,0.01074571999993168,40000.0,n50000k0.80i2,False,0.004
50000,0.8,sssp_duan_et_al,0.010736640000004627,40000.0,n50000k0.80i2,False,0.004
50000,0.8,dijkstra,0.03163556000004064,40000.0,n50000k0.80i3,False,0.002
50000,0.8,dijkstra,0.029993520000061835,40000.0,n50000k0.80i3,False,0.002
50000,0.8,dijkstra,0.029762440000013157,40000.0,n50000k0.80i3,False,0.002
50000,0.8,dijkstra,0.0268957999999202,40000.0,n50000k0.80i3,False,0.002
50000,0.8,dijkstra,0.02752572000008513,40000.0,n50000k0.80i3,False,0.002
50000,0.8,sssp_duan_et_al,0.010813079999934416,40000.0,n50000k0.80i3,False,0.002
50000,0.8,sssp_duan_et_al,0.010290080000004309,40000.0,n50000k0.80i3,False,0.002
50000,0.8,sssp_duan_et_al,0.010371439999971699,40000.0,n50000k0.80i3,False,0.002
50000,0.8,sssp_duan_et_al,0.010511760000099457,40000.0,n50000k0.80i3,False,0.002
50000,0.8,sssp_duan_et_al,0.010165319999941858,40000.0,n50000k0.80i3,False,0.002
50000,0.8,dijkstra,0.0340777200001412,40000.0,n50000k0.80i4,False,0.01
50000,0.8,dijkstra,0.0338781600000857,40000.0,n50000k0.80i4,False,0.01
50000,0.8,dijkstra,0.030927999999903477,40000.0,n50000k0.80i4,False,0.01
50000,0.8,dijkstra,0.02894800000012765,40000.0,n50000k0.80i4,False,0.01
50000,0.8,dijkstra,0.029633160000003045,40000.0,n50000k0.80i4,False,0.01
50000,0.8,sssp_duan_et_al,0.01088716000003842,40000.0,n50000k0.80i4,False,0.01
50000,0.8,sssp_duan_et_al,0.010408079999933761,40000.0,n50000k0.80i4,False,0.01
50000,0.8,sssp_duan_et_al,0.010249120000025869,40000.0,n50000k0.80i4,False,0.01
50000,0.8,sssp_duan_et_al,0.010094600000002174,40000.0,n50000k0.80i4,False,0.01
50000,0.8,sssp_duan_et_al,0.010084720000122616,40000.0,n50000k0.80i4,False,0.01
50000,0.7,dijkstra,0.027696079999941503,35000.0,n50000k0.70i0,False,0.002
50000,0.7,dijkstra,0.025183120000065173,35000.0,n50000k0.70i0,False,0.002
50000,0.7,dijkstra,0.024726399999963178,35000.0,n50000k0.70i0,False,0.002
50000,0.7,dijkstra,0.025732360000120025,35000.0,n50000k0.70i0,False,0.002
50000,0.7,dijkstra,0.02502979999985655,35000.0,n50000k0.70i0,False,0.002
50000,0.7,sssp_duan_et_al,0.009775719999879584,35000.0,n50000k0.70i0,False,0.002
50000,0.7,sssp_duan_et_al,0.009457920000158992,35000.0,n50000k0.70i0,False,0.002
50000,0.7,sssp_duan_et_al,0.009348839999802294,35000.0,n50000k0.70i0,False,0.002
50000,0.7,sssp_duan_et_al,0.009292039999991175,35000.0,n50000k0.70i0,False,0.002
50000,0.7,sssp_duan_et_al,0.009183639999946536,35000.0,n50000k0.70i0,False,0.002
50000,0.7,dijkstra,0.024598080000032496,35000.0,n50000k0.70i1,False,0.002
50000,0.7,dijkstra,0.022871039999927234,35000.0,n50000k0.70i1,False,0.002
50000,0.7,dijkstra,0.02319879999981822,35000.0,n50000k0.70i1,False,0.002
50000,0.7,dijkstra,0.023510040000019217,35000.0,n50000k0.70i1,False,0.002
50000,0.7,dijkstra,0.024303800000097908,35000.0,n50000k0.70i1,False,0.002
50000,0.7,sssp_duan_et_al,0.009398359999977401,35000.0,n50000k0.70i1,False,0.002
50000,0.7,sssp_duan_et_al,0.009209400000145251,35000.0,n50000k0.70i1,False,0.002
50000,0.7,sssp_duan_et_al,0.009275320000142528,35000.0,n50000k0.70i1,False,0.002
50000,0.7,sssp_duan_et_al,0.009154320000106964,35000.0,n50000k0.70i1,False,0.002
50000,0.7,sssp_duan_et_al,0.009159319999980653,35000.0,n50000k0.70i1,False,0.002
50000,0.7,dijkstra,0.02529180000010456,35000.0,n50000k0.70i2,False,0.013999999999999999
50000,0.7,dijkstra,0.021600839999791788,35000.0,n50000k0.70i2,False,0.013999999999999999
50000,0.7,dijkstra,0.022360839999919335,35000.0,n50000k0.70i2,False,0.013999999999999999
50000,0.7,dijkstra,0.02231912000002012,35000.0,n50000k0.70i2,False,0.013999999999999999
50000,0.7,dijkstra,0.022968719999880705,35000.0,n50000k0.70i2,False,0.013999999999999999
50000,0.7,sssp_duan_et_al,0.00958600000012666,35000.0,n50000k0.70i2,False,0.013999999999999999
50000,0.7,sssp_duan_et_al,0.009262360000093395,35000.0,n50000k0.70i2,False,0.013999999999999999
50000,0.7,sssp_duan_et_al,0.009495199999946635,35000.0,n50000k0.70i2,False,0.013999999999999999
50000,0.7,sssp_duan_et_al,0.009566640000002735,35000.0,n50000k0.70i2,False,0.013999999999999999
50000,0.7,sssp_duan_et_al,0.009199719999969602,35000.0,n50000k0.70i2,False,0.013999999999999999
50000,0.7,dijkstra,0.028667160000168224,35000.0,n50000k0.70i3,False,0.002
50000,0.7,dijkstra,0.027435759999889342,35000.0,n50000k0.70i3,False,0.002
50000,0.7,dijkstra,0.027443160000075295,35000.0,n50000k0.70i3,False,0.002
50000,0.7,dijkstra,0.027806920000102764,35000.0,n50000k0.70i3,False,0.002
50000,0.7,dijkstra,0.026932920000035665,35000.0,n50000k0.70i3,False,0.002
50000,0.7,sssp_duan_et_al,0.009952240000075108,35000.0,n50000k0.70i3,False,0.002
50000,0.7,sssp_duan_et_al,0.009253680000028908,35000.0,n50000k0.70i3,False,0.002
50000,0.7,sssp_duan_et_al,0.009220599999935075,35000.0,n50000k0.70i3,False,0.002
50000,0.7,sssp_duan_et_al,0.009657839999817952,35000.0,n50000k0.70i3,False,0.002
50000,0.7,sssp_duan_et_al,0.009442759999956252,35000.0,n50000k0.70i3,False,0.002
50000,0.7,dijkstra,0.02779848000000129,35000.0,n50000k0.70i4,False,0.002
50000,0.7,dijkstra,0.02695532000007006,35000.0,n50000k0.70i4,False,0.002
50000,0.7,dijkstra,0.027820880000035686,35000.0,n50000k0.70i4,False,0.002
50000,0.7,dijkstra,0.02733063999994556,35000.0,n50000k0.70i4,False,0.002
50000,0.7,dijkstra,0.026829079999970418,35000.0,n50000k0.70i4,False,0.002
50000,0.7,sssp_duan_et_al,0.009801919999972597,35000.0,n50000k0.70i4,False,0.002
50000,0.7,sssp_duan_et_al,0.009169479999854957,35000.0,n50000k0.70i4,False,0.002
50000,0.7,sssp_duan_et_al,0.009460559999979523,35000.0,n50000k0.70i4,False,0.002
50000,0.7,sssp_duan_et_al,0.009048440000015034,35000.0,n50000k0.70i4,False,0.002
50000,0.7,sssp_duan_et_al,0.009047360000067783,35000.0,n50000k0.70i4,False,0.002
50000,0.5,dijkstra,0.01919551999981195,25000.0,n50000k0.50i0,False,0.002
50000,0.5,dijkstra,0.017808039999863468,25000.0,n50000k0.50i0,False,0.002
50000,0.5,dijkstra,0.016427519999979268,25000.0,n50000k0.50i0,False,0.002
50000,0.5,dijkstra,0.015969160000167903,25000.0,n50000k0.50i0,False,0.002
50000,0.5,dijkstra,0.016938440000103583,25000.0,n50000k0.50i0,False,0.002
50000,0.5,sssp_duan_et_al,0.007217760000003182,25000.0,n50000k0.50i0,False,0.002
50000,0.5,sssp_duan_et_al,0.006751200000053359,25000.0,n50000k0.50i0,False,0.002
50000,0.5,sssp_duan_et_al,0.006901279999965482,25000.0,n50000k0.50i0,False,0.002
50000,0.5,sssp_duan_et_al,0.006609199999957127,25000.0,n50000k0.50i0,False,0.002
50000,0.5,sssp_duan_et_al,0.0069177200000467565,25000.0,n50000k0.50i0,False,0.002
50000,0.5,dijkstra,0.019786120000162555,25000.0,n50000k0.50i1,False,0.002
50000,0.5,dijkstra,0.01816452000002755,25000.0,n50000k0.50i1,False,0.002
50000,0.5,dijkstra,0.018898640000088562,25000.0,n50000k0.50i1,False,0.002
50000,0.5,dijkstra,0.01827207999986058,25000.0,n50000k0.50i1,False,0.002
50000,0.5,dijkstra,0.01959756000019297,25000.0,n50000k0.50i1,False,0.002
50000,0.5,sssp_duan_et_al,0.007318519999898854,25000.0,n50000k0.50i1,False,0.002
50000,0.5,sssp_duan_et_al,0.0070783199998913915,25000.0,n50000k0.50i1,False,0.002
50000,0.5,sssp_duan_et_al,0.007027160000006916,25000.0,n50000k0.50i1,False,0.002
50000,0.5,sssp_duan_et_al,0.0070446800000354415,25000.0,n50000k0.50i1,False,0.002
50000,0.5,sssp_duan_et_al,0.006986719999986235,25000.0,n50000k0.50i1,False,0.002
50000,0.5,dijkstra,0.019276400000080685,25000.0,n50000k0.50i2,False,0.002
50000,0.5,dijkstra,0.018099319999919317,25000.0,n50000k0.50i2,False,0.002
50000,0.5,dijkstra,0.016947880000088844,25000.0,n50000k0.50i2,False,0.002
50000,0.5,dijkstra,0.018811039999945933,25000.0,n50000k0.50i2,False,0.002
50000,0.5,dijkstra,0.016814320000094085,25000.0,n50000k0.50i2,False,0.002
50000,0.5,sssp_duan_et_al,0.007216999999855034,25000.0,n50000k0.50i2,False,0.002
50000,0.5,sssp_duan_et_al,0.006908080000130212,25000.0,n50000k0.50i2,False,0.002
50000,0.5,sssp_duan_et_al,0.006928040000047986,25000.0,n50000k0.50i2,False,0.002
50000,0.5,sssp_duan_et_al,0.006826280000041152,25000.0,n50000k0.50i2,False,0.002
50000,0.5,sssp_duan_et_al,0.00694644000009248,25000.0,n50000k0.50i2,False,0.002
50000,0.5,dijkstra,0.020729479999999967,25000.0,n50000k0.50i3,False,0.004
50000,0.5,dijkstra,0.0189838400001463,25000.0,n50000k0.50i3,False,0.004
50000,0.5,dijkstra,0.01892420000012862,25000.0,n50000k0.50i3,False,0.004
50000,0.5,dijkstra,0.01731655999992654,25000.0,n50000k0.50i3,False,0.004
50000,0.5,dijkstra,0.01634883999986414,25000.0,n50000k0.50i3,False,0.004
50000,0.5,sssp_duan_et_al,0.007081640000023981,25000.0,n50000k0.50i3,False,0.004
50000,0.5,sssp_duan_et_al,0.006824479999977484,25000.0,n50000k0.50i3,False,0.004
50000,0.5,sssp_duan_et_al,0.006791040000052817,25000.0,n50000k0.50i3,False,0.004
50000,0.5,sssp_duan_et_al,0.006866599999966638,25000.0,n50000k0.50i3,False,0.004
50000,0.5,sssp_duan_et_al,0.006819800000130272,25000.0,n50000k0.50i3,False,0.004
50000,0.5,dijkstra,0.01794164000011733,25000.0,n50000k0.50i4,False,0.008
50000,0.5,dijkstra,0.018399799999997413,25000.0,n50000k0.50i4,False,0.008
50000,0.5,dijkstra,0.01754772000003868,25000.0,n50000k0.50i4,False,0.008
50000,0.5,dijkstra,0.019479079999882742,25000.0,n50000k0.50i4,False,0.008
50000,0.5,dijkstra,0.01896764000002804,25000.0,n50000k0.50i4,False,0.008
50000,0.5,sssp_duan_et_al,0.007205240000075719,25000.0,n50000k0.50i4,False,0.008
50000,0.5,sssp_duan_et_al,0.006831120000015289,25000.0,n50000k0.50i4,False,0.008
50000,0.5,sssp_duan_et_al,0.006875040000068111,25000.0,n50000k0.50i4,False,0.008
50000,0.5,sssp_duan_et_al,0.006849039999906381,25000.0,n50000k0.50i4,False,0.008
50000,0.5,sssp_duan_et_al,0.006774800000130199,25000.0,n50000k0.50i4,False,0.008
100000,5,dijkstra,2.5307557999999517,500000,n100000k5.00i0,False,401.01899999999995
100000,5,dijkstra,2.4945387600000686,500000,n100000k5.00i0,False,401.01899999999995
100000,5,dijkstra,2.4870284399999036,500000,n100000k5.00i0,False,401.01899999999995
100000,5,dijkstra,2.4811275600000045,500000,n100000k5.00i0,False,401.01899999999995
100000,5,dijkstra,2.476961000000074,500000,n100000k5.00i0,False,401.01899999999995
100000,5,sssp_duan_et_al,220.61376924,500000,n100000k5.00i0,False,401.01899999999995
100000,5,sssp_duan_et_al,230.84957247999978,500000,n100000k5.00i0,False,401.01899999999995
100000,5,sssp_duan_et_al,231.24451088000023,500000,n100000k5.00i0,False,401.01899999999995
100000,5,sssp_duan_et_al,247.70239159999983,500000,n100000k5.00i0,False,401.01899999999995
100000,5,sssp_duan_et_al,264.7050452399999,500000,n100000k5.00i0,False,401.01899999999995
100000,5,dijkstra,3.0981718800003364,500000,n100000k5.00i1,False,403.232
100000,5,dijkstra,3.001605919999747,500000,n100000k5.00i1,False,403.232
100000,5,dijkstra,2.7939737600004264,500000,n100000k5.00i1,False,403.232
100000,5,dijkstra,3.0950248799999827,500000,n100000k5.00i1,False,403.232
100000,5,dijkstra,2.9458041999996567,500000,n100000k5.00i1,False,403.232
100000,5,sssp_duan_et_al,277.9037096799998,500000,n100000k5.00i1,False,403.232
100000,5,sssp_duan_et_al,306.7186996800001,500000,n100000k5.00i1,False,403.232
100000,5,sssp_duan_et_al,271.2614633199996,500000,n100000k5.00i1,False,403.232
100000,5,sssp_duan_et_al,238.52041860000008,500000,n100000k5.00i1,False,403.232
100000,5,sssp_duan_et_al,237.2502796800004,500000,n100000k5.00i1,False,403.232
100000,5,dijkstra,2.647536559999935,500000,n100000k5.00i2,False,401.847
100000,5,dijkstra,2.595661199999995,500000,n100000k5.00i2,False,401.847
100000,5,dijkstra,2.586935639999865,500000,n100000k5.00i2,False,401.847
100000,5,dijkstra,2.60823284000071,500000,n100000k5.00i2,False,401.847
100000,5,dijkstra,2.5471792799999093,500000,n100000k5.00i2,False,401.847
100000,5,sssp_duan_et_al,257.1378867600006,500000,n100000k5.00i2,False,401.847
100000,5,sssp_duan_et_al,267.5432959200007,500000,n100000k5.00i2,False,401.847
100000,5,sssp_duan_et_al,249.92889011999978,500000,n100000k5.00i2,False,401.847
100000,5,sssp_duan_et_al,247.45688040000005,500000,n100000k5.00i2,False,401.847
100000,5,sssp_duan_et_al,250.15504380000039,500000,n100000k5.00i2,False,401.847
100000,5,dijkstra,2.7695558799996434,500000,n100000k5.00i3,False,402.052
100000,5,dijkstra,2.7334516000000804,500000,n100000k5.00i3,False,402.052
100000,5,dijkstra,2.6983897199997955,500000,n100000k5.00i3,False,402.052
100000,5,dijkstra,2.7071751199991922,500000,n100000k5.00i3,False,402.052
100000,5,dijkstra,2.724178600000414,500000,n100000k5.00i3,False,402.052
100000,5,sssp_duan_et_al,245.51559992000057,500000,n100000k5.00i3,False,402.052
100000,5,sssp_duan_et_al,255.38220212000033,500000,n100000k5.00i3,False,402.052
100000,5,sssp_duan_et_al,278.4675302000005,500000,n100000k5.00i3,False,402.052
100000,5,sssp_duan_et_al,286.2997122000006,500000,n100000k5.00i3,False,402.052
100000,5,sssp_duan_et_al,313.42028343999937,500000,n100000k5.00i3,False,402.052
100000,5,dijkstra,3.19619307999983,500000,n100000k5.00i4,False,401.80300000000005
100000,5,dijkstra,3.131909559999258,500000,n100000k5.00i4,False,401.80300000000005
100000,5,dijkstra,3.118383840000206,500000,n100000k5.00i4,False,401.80300000000005
100000,5,dijkstra,3.1447079999998095,500000,n100000k5.00i4,False,401.80300000000005
100000,5,dijkstra,3.110282759999791,500000,n100000k5.00i4,False,401.80300000000005
100000,5,sssp_duan_et_al,281.6592212400001,500000,n100000k5.00i4,False,401.80300000000005
100000,5,sssp_duan_et_al,226.04745763999927,500000,n100000k5.00i4,False,401.80300000000005
100000,5,sssp_duan_et_al,222.3680044799994,500000,n100000k5.00i4,False,401.80300000000005
100000,5,sssp_duan_et_al,237.52206552000007,500000,n100000k5.00i4,False,401.80300000000005
100000,5,sssp_duan_et_al,245.63811612000063,500000,n100000k5.00i4,False,401.80300000000005
100000,3,dijkstra,1.5064213599998766,300000,n100000k3.00i0,False,211.624
100000,3,dijkstra,1.447163199998613,300000,n100000k3.00i0,False,211.624
100000,3,dijkstra,1.4503955199998018,300000,n100000k3.00i0,False,211.624
100000,3,dijkstra,1.3639203999991878,300000,n100000k3.00i0,False,211.624
100000,3,dijkstra,1.4308430000000953,300000,n100000k3.00i0,False,211.624
100000,3,sssp_duan_et_al,56.727975039999365,300000,n100000k3.00i0,False,211.624
100000,3,sssp_duan_et_al,66.611026640001,300000,n100000k3.00i0,False,211.624
100000,3,sssp_duan_et_al,60.05654607999895,300000,n100000k3.00i0,False,211.624
100000,3,sssp_duan_et_al,54.66650995999953,300000,n100000k3.00i0,False,211.624
100000,3,sssp_duan_et_al,59.05010647999916,300000,n100000k3.00i0,False,211.624
100000,3,dijkstra,1.4784826800005249,300000,n100000k3.00i1,False,211.20600000000002
100000,3,dijkstra,1.4162412400000903,300000,n100000k3.00i1,False,211.20600000000002
100000,3,dijkstra,1.45820644000014,300000,n100000k3.00i1,False,211.20600000000002
100000,3,dijkstra,1.4362617599999794,300000,n100000k3.00i1,False,211.20600000000002
100000,3,dijkstra,1.4153964399993129,300000,n100000k3.00i1,False,211.20600000000002
100000,3,sssp_duan_et_al,65.297119320001,300000,n100000k3.00i1,False,211.20600000000002
100000,3,sssp_duan_et_al,60.4150205599999,300000,n100000k3.00i1,False,211.20600000000002
100000,3,sssp_duan_et_al,67.70943483999872,300000,n100000k3.00i1,False,211.20600000000002
100000,3,sssp_duan_et_al,57.77366991999952,300000,n100000k3.00i1,False,211.20600000000002
100000,3,sssp_duan_et_al,59.553540759998214,300000,n100000k3.00i1,False,211.20600000000002
100000,3,dijkstra,1.352759719999085,300000,n100000k3.00i2,False,211.57
100000,3,dijkstra,1.3183507600006124,300000,n100000k3.00i2,False,211.57
100000,3,dijkstra,1.3248258000003261,300000,n100000k3.00i2,False,211.57
100000,3,dijkstra,1.3043440399997053,300000,n100000k3.00i2,False,211.57
100000,3,dijkstra,1.294240319999517,300000,n100000k3.00i2,False,211.57
100000,3,sssp_duan_et_al,56.15375984000093,300000,n100000k3.00i2,False,211.57
100000,3,sssp_duan_et_al,55.835767759999726,300000,n100000k3.00i2,False,211.57
100000,3,sssp_duan_et_al,56.08204488000047,300000,n100000k3.00i2,False,211.57
100000,3,sssp_duan_et_al,55.69932619999963,300000,n100000k3.00i2,False,211.57
100000,3,sssp_duan_et_al,56.96995735999917,300000,n100000k3.00i2,False,211.57
100000,3,dijkstra,1.3800478400007705,300000,n100000k3.00i3,False,212.603
100000,3,dijkstra,1.3632810399994924,300000,n100000k3.00i3,False,212.603
100000,3,dijkstra,1.3676387999985309,300000,n100000k3.00i3,False,212.603
100000,3,dijkstra,1.3988633600001776,300000,n100000k3.00i3,False,212.603
100000,3,dijkstra,1.354438360000131,300000,n100000k3.00i3,False,212.603
100000,3,sssp_duan_et_al,63.7010471600006,300000,n100000k3.00i3,False,212.603
100000,3,sssp_duan_et_al,68.58295599999838,300000,n100000k3.00i3,False,212.603
100000,3,sssp_duan_et_al,68.5877828800003,300000,n100000k3.00i3,False,212.603
100000,3,sssp_duan_et_al,65.40592264000043,300000,n100000k3.00i3,False,212.603
100000,3,sssp_duan_et_al,59.093160960001114,300000,n100000k3.00i3,False,212.603
100000,3,dijkstra,1.3540797200002999,300000,n100000k3.00i4,False,211.103
100000,3,dijkstra,1.3515435999997862,300000,n100000k3.00i4,False,211.103
100000,3,dijkstra,1.33399363999888,300000,n100000k3.00i4,False,211.103
100000,3,dijkstra,1.3312047600011283,300000,n100000k3.00i4,False,211.103
100000,3,dijkstra,1.344070279999869,300000,n100000k3.00i4,False,211.103
100000,3,sssp_duan_et_al,56.23200107999946,300000,n100000k3.00i4,False,211.103
100000,3,sssp_duan_et_al,56.930661520000285,300000,n100000k3.00i4,False,211.103
100000,3,sssp_duan_et_al,57.42653100000098,300000,n100000k3.00i4,False,211.103
100000,3,sssp_duan_et_al,55.32447759999923,300000,n100000k3.00i4,False,211.103
100000,3,sssp_duan_et_al,57.133337080000274,300000,n100000k3.00i4,False,211.103
100000,1,dijkstra,0.11886072000015702,100000,n100000k1.00i0,False,0.013999999999999999
100000,1,dijkstra,0.09207476000119641,100000,n100000k1.00i0,False,0.013999999999999999
100000,1,dijkstra,0.09078532000057749,100000,n100000k1.00i0,False,0.013999999999999999
100000,1,dijkstra,0.08773603999907209,100000,n100000k1.00i0,False,0.013999999999999999
100000,1,dijkstra,0.09093756000038411,100000,n100000k1.00i0,False,0.013999999999999999
100000,1,sssp_duan_et_al,0.028048959999068757,100000,n100000k1.00i0,False,0.013999999999999999
100000,1,sssp_duan_et_al,0.0270885999998427,100000,n100000k1.00i0,False,0.013999999999999999
100000,1,sssp_duan_et_al,0.026870199999393662,100000,n100000k1.00i0,False,0.013999999999999999
100000,1,sssp_duan_et_al,0.027019160001145792,100000,n100000k1.00i0,False,0.013999999999999999
100000,1,sssp_duan_et_al,0.026290559999324614,100000,n100000k1.00i0,False,0.013999999999999999
100000,1,dijkstra,0.0905520800006343,100000,n100000k1.00i1,False,0.003
100000,1,dijkstra,0.08600623999882373,100000,n100000k1.00i1,False,0.003
100000,1,dijkstra,0.08752043999993475,100000,n100000k1.00i1,False,0.003
100000,1,dijkstra,0.08814847999929043,100000,n100000k1.00i1,False,0.003
100000,1,dijkstra,0.08791288000065833,100000,n100000k1.00i1,False,0.003
100000,1,sssp_duan_et_al,0.027720480000425596,100000,n100000k1.00i1,False,0.003
100000,1,sssp_duan_et_al,0.0259373200005939,100000,n100000k1.00i1,False,0.003
100000,1,sssp_duan_et_al,0.026156720001381473,100000,n100000k1.00i1,False,0.003
100000,1,sssp_duan_et_al,0.025389840000570985,100000,n100000k1.00i1,False,0.003
100000,1,sssp_duan_et_al,0.02570504000141227,100000,n100000k1.00i1,False,0.003
100000,1,dijkstra,0.08820039999955043,100000,n100000k1.00i2,False,0.006
100000,1,dijkstra,0.0855349200010096,100000,n100000k1.00i2,False,0.006
100000,1,dijkstra,0.08980755999982648,100000,n100000k1.00i2,False,0.006
100000,1,dijkstra,0.08516192000024603,100000,n100000k1.00i2,False,0.006
100000,1,dijkstra,0.08414376000109769,100000,n100000k1.00i2,False,0.006
100000,1,sssp_duan_et_al,0.02768004000063229,100000,n100000k1.00i2,False,0.006
100000,1,sssp_duan_et_al,0.02650715999880049,100000,n100000k1.00i2,False,0.006
100000,1,sssp_duan_et_al,0.02679515999989235,100000,n100000k1.00i2,False,0.006
100000,1,sssp_duan_et_al,0.02709080000022368,100000,n100000k1.00i2,False,0.006
100000,1,sssp_duan_et_al,0.02726396000070963,100000,n100000k1.00i2,False,0.006
100000,1,dijkstra,0.08346355999856314,100000,n100000k1.00i3,False,0.004
100000,1,dijkstra,0.07810547999906703,100000,n100000k1.00i3,False,0.004
100000,1,dijkstra,0.07680184000128065,100000,n100000k1.00i3,False,0.004
100000,1,dijkstra,0.08060803999978816,100000,n100000k1.00i3,False,0.004
100000,1,dijkstra,0.0846694000010757,100000,n100000k1.00i3,False,0.004
100000,1,sssp_duan_et_al,0.026362239999798476,100000,n100000k1.00i3,False,0.004
100000,1,sssp_duan_et_al,0.025138479999441188,100000,n100000k1.00i3,False,0.004
100000,1,sssp_duan_et_al,0.025201559999914025,100000,n100000k1.00i3,False,0.004
100000,1,sssp_duan_et_al,0.024988760000269394,100000,n100000k1.00i3,False,0.004
100000,1,sssp_duan_et_al,0.025681839999379008,100000,n100000k1.00i3,False,0.004
100000,1,dijkstra,0.0829498400016746,100000,n100000k1.00i4,False,0.002
100000,1,dijkstra,0.08289012000022922,100000,n100000k1.00i4,False,0.002
100000,1,dijkstra,0.08631364000029862,100000,n100000k1.00i4,False,0.002
100000,1,dijkstra,0.08313644000008935,100000,n100000k1.00i4,False,0.002
100000,1,dijkstra,0.08316311999988102,100000,n100000k1.00i4,False,0.002
100000,1,sssp_duan_et_al,0.027792519998911303,100000,n100000k1.00i4,False,0.002
100000,1,sssp_duan_et_al,0.029021039999861387,100000,n100000k1.00i4,False,0.002
100000,1,sssp_duan_et_al,0.027084920000561397,100000,n100000k1.00i4,False,0.002
100000,1,sssp_duan_et_al,0.026411160000861855,100000,n100000k1.00i4,False,0.002
100000,1,sssp_duan_et_al,0.025372320000315085,100000,n100000k1.00i4,False,0.002
100000,0.8,dijkstra,0.06750347999877704,80000.0,n100000k0.80i0,False,0.027999999999999997
100000,0.8,dijkstra,0.06607288000122935,80000.0,n100000k0.80i0,False,0.027999999999999997
100000,0.8,dijkstra,0.06307971999922302,80000.0,n100000k0.80i0,False,0.027999999999999997
100000,0.8,dijkstra,0.059144679999008076,80000.0,n100000k0.80i0,False,0.027999999999999997
100000,0.8,dijkstra,0.06155671999840706,80000.0,n100000k0.80i0,False,0.027999999999999997
100000,0.8,sssp_duan_et_al,0.02315556000030483,80000.0,n100000k0.80i0,False,0.027999999999999997
100000,0.8,sssp_duan_et_al,0.021698479999031406,80000.0,n100000k0.80i0,False,0.027999999999999997
100000,0.8,sssp_duan_et_al,0.02155499999935273,80000.0,n100000k0.80i0,False,0.027999999999999997
100000,0.8,sssp_duan_et_al,0.02112836000014795,80000.0,n100000k0.80i0,False,0.027999999999999997
100000,0.8,sssp_duan_et_al,0.02190599999994447,80000.0,n100000k0.80i0,False,0.027999999999999997
100000,0.8,dijkstra,0.0665259600009449,80000.0,n100000k0.80i1,False,0.001
100000,0.8,dijkstra,0.06853312000021106,80000.0,n100000k0.80i1,False,0.001
100000,0.8,dijkstra,0.06716340000093624,80000.0,n100000k0.80i1,False,0.001
100000,0.8,dijkstra,0.06556936000015412,80000.0,n100000k0.80i1,False,0.001
100000,0.8,dijkstra,0.06438843999967503,80000.0,n100000k0.80i1,False,0.001
100000,0.8,sssp_duan_et_al,0.02178751999963424,80000.0,n100000k0.80i1,False,0.001
100000,0.8,sssp_duan_et_al,0.02126803999999538,80000.0,n100000k0.80i1,False,0.001
100000,0.8,sssp_duan_et_al,0.021644199998263502,80000.0,n100000k0.80i1,False,0.001
100000,0.8,sssp_duan_et_al,0.021447399998578476,80000.0,n100000k0.80i1,False,0.001
100000,0.8,sssp_duan_et_al,0.02148156000112067,80000.0,n100000k0.80i1,False,0.001
100000,0.8,dijkstra,0.06680507999953988,80000.0,n100000k0.80i2,False,0.009000000000000001
100000,0.8,dijkstra,0.06585263999841118,80000.0,n100000k0.80i2,False,0.009000000000000001
100000,0.8,dijkstra,0.06607751999945322,80000.0,n100000k0.80i2,False,0.009000000000000001
100000,0.8,dijkstra,0.06313800000134506,80000.0,n100000k0.80i2,False,0.009000000000000001
100000,0.8,dijkstra,0.06016511999951035,80000.0,n100000k0.80i2,False,0.009000000000000001
100000,0.8,sssp_duan_et_al,0.022433800000726478,80000.0,n100000k0.80i2,False,0.009000000000000001
100000,0.8,sssp_duan_et_al,0.02150795999841648,80000.0,n100000k0.80i2,False,0.009000000000000001
100000,0.8,sssp_duan_et_al,0.021423199999844655,80000.0,n100000k0.80i2,False,0.009000000000000001
100000,0.8,sssp_duan_et_al,0.021724239999457495,80000.0,n100000k0.80i2,False,0.009000000000000001
100000,0.8,sssp_duan_et_al,0.0218838799992227,80000.0,n100000k0.80i2,False,0.009000000000000001
100000,0.8,dijkstra,0.06475567999950727,80000.0,n100000k0.80i3,False,0.006999999999999999
100000,0.8,dijkstra,0.06669395999961125,80000.0,n100000k0.80i3,False,0.006999999999999999
100000,0.8,dijkstra,0.07126883999990241,80000.0,n100000k0.80i3,False,0.006999999999999999
100000,0.8,dijkstra,0.06975307999891811,80000.0,n100000k0.80i3,False,0.006999999999999999
100000,0.8,dijkstra,0.06848764000096708,80000.0,n100000k0.80i3,False,0.006999999999999999
100000,0.8,sssp_duan_et_al,0.02248128000064753,80000.0,n100000k0.80i3,False,0.006999999999999999
100000,0.8,sssp_duan_et_al,0.021381879998443765,80000.0,n100000k0.80i3,False,0.006999999999999999
100000,0.8,sssp_duan_et_al,0.02156072000070708,80000.0,n100000k0.80i3,False,0.006999999999999999
100000,0.8,sssp_duan_et_al,0.022457759998360416,80000.0,n100000k0.80i3,False,0.006999999999999999
100000,0.8,sssp_duan_et_al,0.02214384000035352,80000.0,n100000k0.80i3,False,0.006999999999999999
100000,0.8,dijkstra,0.06309800000053656,80000.0,n100000k0.80i4,False,0.017
100000,0.8,dijkstra,0.05988608000006934,80000.0,n100000k0.80i4,False,0.017
100000,0.8,dijkstra,0.0639748800003872,80000.0,n100000k0.80i4,False,0.017
100000,0.8,dijkstra,0.06514480000078038,80000.0,n100000k0.80i4,False,0.017
100000,0.8,dijkstra,0.06020283999896492,80000.0,n100000k0.80i4,False,0.017
100000,0.8,sssp_duan_et_al,0.02171123999869451,80000.0,n100000k0.80i4,False,0.017
100000,0.8,sssp_duan_et_al,0.020740800000567106,80000.0,n100000k0.80i4,False,0.017
100000,0.8,sssp_duan_et_al,0.020941200000379467,80000.0,n100000k0.80i4,False,0.017
100000,0.8,sssp_duan_et_al,0.02010684000015317,80000.0,n100000k0.80i4,False,0.017
100000,0.8,sssp_duan_et_al,0.020342439998785267,80000.0,n100000k0.80i4,False,0.017
100000,0.7,dijkstra,0.05983040000137407,70000.0,n100000k0.70i0,False,0.001
100000,0.7,dijkstra,0.056340040000577574,70000.0,n100000k0.70i0,False,0.001
100000,0.7,dijkstra,0.05308703999980935,70000.0,n100000k0.70i0,False,0.001
100000,0.7,dijkstra,0.05413575999955356,70000.0,n100000k0.70i0,False,0.001
100000,0.7,dijkstra,0.05782603999978164,70000.0,n100000k0.70i0,False,0.001
100000,0.7,sssp_duan_et_al,0.020137760000579874,70000.0,n100000k0.70i0,False,0.001
100000,0.7,sssp_duan_et_al,0.01881003999915265,70000.0,n100000k0.70i0,False,0.001
100000,0.7,sssp_duan_et_al,0.018991880000612582,70000.0,n100000k0.70i0,False,0.001
100000,0.7,sssp_duan_et_al,0.01858660000107193,70000.0,n100000k0.70i0,False,0.001
100000,0.7,sssp_duan_et_al,0.01892260000022361,70000.0,n100000k0.70i0,False,0.001
100000,0.7,dijkstra,0.06087891999959538,70000.0,n100000k0.70i1,False,0.004
100000,0.7,dijkstra,0.05639555999914592,70000.0,n100000k0.70i1,False,0.004
100000,0.7,dijkstra,0.055344399999739835,70000.0,n100000k0.70i1,False,0.004
100000,0.7,dijkstra,0.053101719999176566,70000.0,n100000k0.70i1,False,0.004
100000,0.7,dijkstra,0.05360871999982919,70000.0,n100000k0.70i1,False,0.004
100000,0.7,sssp_duan_et_al,0.01908324000032735,70000.0,n100000k0.70i1,False,0.004
100000,0.7,sssp_duan_et_al,0.01810104000105639,70000.0,n100000k0.70i1,False,0.004
100000,0.7,sssp_duan_et_al,0.017732480000631767,70000.0,n100000k0.70i1,False,0.004
100000,0.7,sssp_duan_et_al,0.018315879999136087,70000.0,n100000k0.70i1,False,0.004
100000,0.7,sssp_duan_et_al,0.018444919998728437,70000.0,n100000k0.70i1,False,0.004
100000,0.7,dijkstra,0.05764971999997215,70000.0,n100000k0.70i2,False,0.001
100000,0.7,dijkstra,0.05223283999839623,70000.0,n100000k0.70i2,False,0.001
100000,0.7,dijkstra,0.05487011999866809,70000.0,n100000k0.70i2,False,0.001
100000,0.7,dijkstra,0.05340987999989011,70000.0,n100000k0.70i2,False,0.001
100000,0.7,dijkstra,0.0585830399995757,70000.0,n100000k0.70i2,False,0.001
100000,0.7,sssp_duan_et_al,0.019807000000582775,70000.0,n100000k0.70i2,False,0.001
100000,0.7,sssp_duan_et_al,0.019154120000166586,70000.0,n100000k0.70i2,False,0.001
100000,0.7,sssp_duan_et_al,0.019005800000741147,70000.0,n100000k0.70i2,False,0.001
100000,0.7,sssp_duan_et_al,0.018996599999809405,70000.0,n100000k0.70i2,False,0.001
100000,0.7,sssp_duan_et_al,0.01939583999956085,70000.0,n100000k0.70i2,False,0.001
100000,0.7,dijkstra,0.056615319999764324,70000.0,n100000k0.70i3,False,0.002
100000,0.7,dijkstra,0.055398759999661706,70000.0,n100000k0.70i3,False,0.002
100000,0.7,dijkstra,0.05365600000004633,70000.0,n100000k0.70i3,False,0.002
100000,0.7,dijkstra,0.05234224000014365,70000.0,n100000k0.70i3,False,0.002
100000,0.7,dijkstra,0.05256216000088898,70000.0,n100000k0.70i3,False,0.002
100000,0.7,sssp_duan_et_al,0.019933120000132476,70000.0,n100000k0.70i3,False,0.002
100000,0.7,sssp_duan_et_al,0.018222079999759444,70000.0,n100000k0.70i3,False,0.002
100000,0.7,sssp_duan_et_al,0.018795199999658507,70000.0,n100000k0.70i3,False,0.002
100000,0.7,sssp_duan_et_al,0.01920736000101897,70000.0,n100000k0.70i3,False,0.002
100000,0.7,sssp_duan_et_al,0.01859503999912704,70000.0,n100000k0.70i3,False,0.002
100000,0.7,dijkstra,0.056973439999637776,70000.0,n100000k0.70i4,False,0.001
100000,0.7,dijkstra,0.050073039999915636,70000.0,n100000k0.70i4,False,0.001
100000,0.7,dijkstra,0.05914044000019203,70000.0,n100000k0.70i4,False,0.001
100000,0.7,dijkstra,0.05595811999955913,70000.0,n100000k0.70i4,False,0.001
100000,0.7,dijkstra,0.05382328000087,70000.0,n100000k0.70i4,False,0.001
100000,0.7,sssp_duan_et_al,0.019837840000036522,70000.0,n100000k0.70i4,False,0.001
100000,0.7,sssp_duan_et_al,0.01866076000078465,70000.0,n100000k0.70i4,False,0.001
100000,0.7,sssp_duan_et_al,0.019081320000623236,70000.0,n100000k0.70i4,False,0.001
100000,0.7,sssp_duan_et_al,0.01912787999935972,70000.0,n100000k0.70i4,False,0.001
100000,0.7,sssp_duan_et_al,0.01889683999979752,70000.0,n100000k0.70i4,False,0.001
100000,0.5,dijkstra,0.0433528399989882,50000.0,n100000k0.50i0,False,0.002
100000,0.5,dijkstra,0.041427399999520276,50000.0,n100000k0.50i0,False,0.002
100000,0.5,dijkstra,0.04179511999973329,50000.0,n100000k0.50i0,False,0.002
100000,0.5,dijkstra,0.03845759999967413,50000.0,n100000k0.50i0,False,0.002
100000,0.5,dijkstra,0.04141616000015347,50000.0,n100000k0.50i0,False,0.002
100000,0.5,sssp_duan_et_al,0.014985560001150589,50000.0,n100000k0.50i0,False,0.002
100000,0.5,sssp_duan_et_al,0.014420920000702608,50000.0,n100000k0.50i0,False,0.002
100000,0.5,sssp_duan_et_al,0.014152519999697688,50000.0,n100000k0.50i0,False,0.002
100000,0.5,sssp_duan_et_al,0.0138548399991123,50000.0,n100000k0.50i0,False,0.002
100000,0.5,sssp_duan_et_al,0.013896079999540234,50000.0,n100000k0.50i0,False,0.002
100000,0.5,dijkstra,0.04544384000109858,50000.0,n100000k0.50i1,False,0.002
100000,0.5,dijkstra,0.04394791999948211,50000.0,n100000k0.50i1,False,0.002
100000,0.5,dijkstra,0.038519719999385416,50000.0,n100000k0.50i1,False,0.002
100000,0.5,dijkstra,0.04278120000162744,50000.0,n100000k0.50i1,False,0.002
100000,0.5,dijkstra,0.04299367999919923,50000.0,n100000k0.50i1,False,0.002
100000,0.5,sssp_duan_et_al,0.01543451999896206,50000.0,n100000k0.50i1,False,0.002
100000,0.5,sssp_duan_et_al,0.014373800000612391,50000.0,n100000k0.50i1,False,0.002
100000,0.5,sssp_duan_et_al,0.014349960001709405,50000.0,n100000k0.50i1,False,0.002
100000,0.5,sssp_duan_et_al,0.014102720000664704,50000.0,n100000k0.50i1,False,0.002
100000,0.5,sssp_duan_et_al,0.014181799999278155,50000.0,n100000k0.50i1,False,0.002
100000,0.5,dijkstra,0.045062839999445714,50000.0,n100000k0.50i2,False,0.002
100000,0.5,dijkstra,0.043958520000160206,50000.0,n100000k0.50i2,False,0.002
100000,0.5,dijkstra,0.04263639999953739,50000.0,n100000k0.50i2,False,0.002
100000,0.5,dijkstra,0.041786120000324445,50000.0,n100000k0.50i2,False,0.002
100000,0.5,dijkstra,0.04407379999975092,50000.0,n100000k0.50i2,False,0.002
100000,0.5,sssp_duan_et_al,0.015548719999060268,50000.0,n100000k0.50i2,False,0.002
100000,0.5,sssp_duan_et_al,0.014535960001012427,50000.0,n100000k0.50i2,False,0.002
100000,0.5,sssp_duan_et_al,0.014223879999917699,50000.0,n100000k0.50i2,False,0.002
100000,0.5,sssp_duan_et_al,0.014402400000108173,50000.0,n100000k0.50i2,False,0.002
100000,0.5,sssp_duan_et_al,0.014182799999616691,50000.0,n100000k0.50i2,False,0.002
100000,0.5,dijkstra,0.04297163999945042,50000.0,n100000k0.50i3,False,0.001
100000,0.5,dijkstra,0.04235463999975764,50000.0,n100000k0.50i3,False,0.001
100000,0.5,dijkstra,0.0393863200006308,50000.0,n100000k0.50i3,False,0.001
100000,0.5,dijkstra,0.040047759999652044,50000.0,n100000k0.50i3,False,0.001
100000,0.5,dijkstra,0.042972039998858236,50000.0,n100000k0.50i3,False,0.001
100000,0.5,sssp_duan_et_al,0.015899720001470996,50000.0,n100000k0.50i3,False,0.001
100000,0.5,sssp_duan_et_al,0.015034000000014203,50000.0,n100000k0.50i3,False,0.001
100000,0.5,sssp_duan_et_al,0.015117639999516541,50000.0,n100000k0.50i3,False,0.001
100000,0.5,sssp_duan_et_al,0.014761120000912342,50000.0,n100000k0.50i3,False,0.001
100000,0.5,sssp_duan_et_al,0.014763399998628302,50000.0,n100000k0.50i3,False,0.001
100000,0.5,dijkstra,0.047307200000432204,50000.0,n100000k0.50i4,False,0.001
100000,0.5,dijkstra,0.045348039999225875,50000.0,n100000k0.50i4,False,0.001
100000,0.5,dijkstra,0.04318663999947603,50000.0,n100000k0.50i4,False,0.001
100000,0.5,dijkstra,0.039179800000056275,50000.0,n100000k0.50i4,False,0.001
100000,0.5,dijkstra,0.04059167999912461,50000.0,n100000k0.50i4,False,0.001
100000,0.5,sssp_duan_et_al,0.015414319999763393,50000.0,n100000k0.50i4,False,0.001
100000,0.5,sssp_duan_et_al,0.013666000000739587,50000.0,n100000k0.50i4,False,0.001
100000,0.5,sssp_duan_et_al,0.014540759999363218,50000.0,n100000k0.50i4,False,0.001
100000,0.5,sssp_duan_et_al,0.014696199999889359,50000.0,n100000k0.50i4,False,0.001
100000,0.5,sssp_duan_et_al,0.014532159999362193,50000.0,n100000k0.50i4,False,0.001
