num_vertices,avg_degree_k,algorithm,execution_time,edge_estimate,graph
10000,5,dijkstra,0.011858699028380215,50000,n10000k5.00i0
10000,5,sssp_duan_et_al,0.01933083700714633,50000,n10000k5.00i0
10000,5,dijkstra,0.012268109014257789,50000,n10000k5.00i1
10000,5,sssp_duan_et_al,0.017014521989040077,50000,n10000k5.00i1
10000,5,dijkstra,0.011800987005699426,50000,n10000k5.00i2
10000,5,sssp_duan_et_al,0.020118696033023298,50000,n10000k5.00i2
10000,5,dijkstra,0.01220092101721093,50000,n10000k5.00i3
10000,5,sssp_duan_et_al,0.018087406002450734,50000,n10000k5.00i3
10000,5,dijkstra,0.012247377017047256,50000,n10000k5.00i4
10000,5,sssp_duan_et_al,0.0186670949915424,50000,n10000k5.00i4
10000,4.5,dijkstra,0.010847940982785076,45000.0,n10000k4.50i0
10000,4.5,sssp_duan_et_al,0.019089960027486086,45000.0,n10000k4.50i0
10000,4.5,dijkstra,0.011294352996628731,45000.0,n10000k4.50i1
10000,4.5,sssp_duan_et_al,0.018077701970469207,45000.0,n10000k4.50i1
10000,4.5,dijkstra,0.011347462015692145,45000.0,n10000k4.50i2
10000,4.5,sssp_duan_et_al,0.016806404979433864,45000.0,n10000k4.50i2
10000,4.5,dijkstra,0.011384301993530244,45000.0,n10000k4.50i3
10000,4.5,sssp_duan_et_al,0.018999977968633175,45000.0,n10000k4.50i3
10000,4.5,dijkstra,0.011531194963026792,45000.0,n10000k4.50i4
10000,4.5,sssp_duan_et_al,0.0201577499974519,45000.0,n10000k4.50i4
10000,4,dijkstra,0.00999498798046261,40000,n10000k4.00i0
10000,4,sssp_duan_et_al,0.01676375704118982,40000,n10000k4.00i0
10000,4,dijkstra,0.010709599999245256,40000,n10000k4.00i1
10000,4,sssp_duan_et_al,0.01856335299089551,40000,n10000k4.00i1
10000,4,dijkstra,0.010022043017670512,40000,n10000k4.00i2
10000,4,sssp_duan_et_al,0.018107966985553503,40000,n10000k4.00i2
10000,4,dijkstra,0.009945278987288475,40000,n10000k4.00i3
10000,4,sssp_duan_et_al,0.01741444499930367,40000,n10000k4.00i3
10000,4,dijkstra,0.010109254973940551,40000,n10000k4.00i4
10000,4,sssp_duan_et_al,0.02031903003808111,40000,n10000k4.00i4
10000,3.5,dijkstra,0.009075675974600017,35000.0,n10000k3.50i0
10000,3.5,sssp_duan_et_al,0.015899650985375047,35000.0,n10000k3.50i0
10000,3.5,dijkstra,0.009144746989477426,35000.0,n10000k3.50i1
10000,3.5,sssp_duan_et_al,0.02076872397447005,35000.0,n10000k3.50i1
10000,3.5,dijkstra,0.009139504982158542,35000.0,n10000k3.50i2
10000,3.5,sssp_duan_et_al,0.016714287048671395,35000.0,n10000k3.50i2
10000,3.5,dijkstra,0.00899046304402873,35000.0,n10000k3.50i3
10000,3.5,sssp_duan_et_al,0.016769343987107277,35000.0,n10000k3.50i3
10000,3.5,dijkstra,0.009251983952708542,35000.0,n10000k3.50i4
10000,3.5,sssp_duan_et_al,0.019477824971545488,35000.0,n10000k3.50i4
10000,3,dijkstra,0.008078713959548622,30000,n10000k3.00i0
10000,3,sssp_duan_et_al,0.017732603009790182,30000,n10000k3.00i0
10000,3,dijkstra,0.008380331040825695,30000,n10000k3.00i1
10000,3,sssp_duan_et_al,0.01787694898666814,30000,n10000k3.00i1
10000,3,dijkstra,0.008124312036670744,30000,n10000k3.00i2
10000,3,sssp_duan_et_al,0.016396758961491287,30000,n10000k3.00i2
10000,3,dijkstra,0.008049403026234359,30000,n10000k3.00i3
10000,3,sssp_duan_et_al,0.01638705498771742,30000,n10000k3.00i3
10000,3,dijkstra,0.008081087027676404,30000,n10000k3.00i4
10000,3,sssp_duan_et_al,0.016598042042460293,30000,n10000k3.00i4
10000,2.5,dijkstra,0.007080129988025874,25000.0,n10000k2.50i0
10000,2.5,sssp_duan_et_al,0.017379512020852417,25000.0,n10000k2.50i0
10000,2.5,dijkstra,0.007004234008491039,25000.0,n10000k2.50i1
10000,2.5,sssp_duan_et_al,0.015515613020397723,25000.0,n10000k2.50i1
10000,2.5,dijkstra,0.007031893997918814,25000.0,n10000k2.50i2
10000,2.5,sssp_duan_et_al,0.01568215899169445,25000.0,n10000k2.50i2
10000,2.5,dijkstra,0.0070400419645011425,25000.0,n10000k2.50i3
10000,2.5,sssp_duan_et_al,0.01699202402960509,25000.0,n10000k2.50i3
10000,2.5,dijkstra,0.006968697009142488,25000.0,n10000k2.50i4
10000,2.5,sssp_duan_et_al,0.022197922051418573,25000.0,n10000k2.50i4
10000,2,dijkstra,0.00575586297782138,20000,n10000k2.00i0
10000,2,sssp_duan_et_al,0.0134511049836874,20000,n10000k2.00i0
10000,2,dijkstra,0.0011446960270404816,20000,n10000k2.00i1
10000,2,sssp_duan_et_al,3.254599869251251e-05,20000,n10000k2.00i1
10000,2,dijkstra,0.005735313054174185,20000,n10000k2.00i2
10000,2,sssp_duan_et_al,0.016665572009515017,20000,n10000k2.00i2
10000,2,dijkstra,0.001159036997705698,20000,n10000k2.00i3
10000,2,sssp_duan_et_al,7.603497942909598e-05,20000,n10000k2.00i3
10000,2,dijkstra,0.005711158039048314,20000,n10000k2.00i4
10000,2,sssp_duan_et_al,0.012650899996515363,20000,n10000k2.00i4
10000,1.5,dijkstra,0.003743943991139531,15000.0,n10000k1.50i0
10000,1.5,sssp_duan_et_al,0.010919414984527975,15000.0,n10000k1.50i0
10000,1.5,dijkstra,0.0038085549604147673,15000.0,n10000k1.50i1
10000,1.5,sssp_duan_et_al,0.013227003975771368,15000.0,n10000k1.50i1
10000,1.5,dijkstra,0.0009816790116019547,15000.0,n10000k1.50i2
10000,1.5,sssp_duan_et_al,0.00013336801202967763,15000.0,n10000k1.50i2
10000,1.5,dijkstra,0.0038991720066405833,15000.0,n10000k1.50i3
10000,1.5,sssp_duan_et_al,0.013928772008512169,15000.0,n10000k1.50i3
10000,1.5,dijkstra,0.00393106002593413,15000.0,n10000k1.50i4
10000,1.5,sssp_duan_et_al,0.011702300049364567,15000.0,n10000k1.50i4
10000,1,dijkstra,0.0007771800155751407,10000,n10000k1.00i0
10000,1,sssp_duan_et_al,2.585700713098049e-05,10000,n10000k1.00i0
10000,1,dijkstra,0.0008561600116081536,10000,n10000k1.00i1
10000,1,sssp_duan_et_al,0.0020322150085121393,10000,n10000k1.00i1
10000,1,dijkstra,0.000771637016441673,10000,n10000k1.00i2
10000,1,sssp_duan_et_al,2.7758011128753424e-05,10000,n10000k1.00i2
10000,1,dijkstra,0.0007540879887528718,10000,n10000k1.00i3
10000,1,sssp_duan_et_al,2.467498416081071e-05,10000,n10000k1.00i3
10000,1,dijkstra,0.0007876089657656848,10000,n10000k1.00i4
10000,1,sssp_duan_et_al,6.033701356500387e-05,10000,n10000k1.00i4
10000,0.9,dijkstra,0.0007366790086962283,9000.0,n10000k0.90i0
10000,0.9,sssp_duan_et_al,2.7244037482887506e-05,9000.0,n10000k0.90i0
10000,0.9,dijkstra,0.0007477159961126745,9000.0,n10000k0.90i1
10000,0.9,sssp_duan_et_al,5.6367949582636356e-05,9000.0,n10000k0.90i1
10000,0.9,dijkstra,0.0007340270094573498,9000.0,n10000k0.90i2
10000,0.9,sssp_duan_et_al,0.00012704095570370555,9000.0,n10000k0.90i2
10000,0.9,dijkstra,0.0007317689596675336,9000.0,n10000k0.90i3
10000,0.9,sssp_duan_et_al,0.00010405899956822395,9000.0,n10000k0.90i3
10000,0.9,dijkstra,0.000726649013813585,9000.0,n10000k0.90i4
10000,0.9,sssp_duan_et_al,0.00019049399998039007,9000.0,n10000k0.90i4
10000,0.8,dijkstra,0.0007013099966570735,8000.0,n10000k0.80i0
10000,0.8,sssp_duan_et_al,6.366398883983493e-05,8000.0,n10000k0.80i0
10000,0.8,dijkstra,0.0006739830132573843,8000.0,n10000k0.80i1
10000,0.8,sssp_duan_et_al,0.00014049798483029008,8000.0,n10000k0.80i1
10000,0.8,dijkstra,0.0006858270498923957,8000.0,n10000k0.80i2
10000,0.8,sssp_duan_et_al,2.3141037672758102e-05,8000.0,n10000k0.80i2
10000,0.8,dijkstra,0.0006768189487047493,8000.0,n10000k0.80i3
10000,0.8,sssp_duan_et_al,5.448603769764304e-05,8000.0,n10000k0.80i3
10000,0.8,dijkstra,0.0006993049755692482,8000.0,n10000k0.80i4
10000,0.8,sssp_duan_et_al,2.5982968509197235e-05,8000.0,n10000k0.80i4
10000,0.7,dijkstra,0.0006517180008813739,7000.0,n10000k0.70i0
10000,0.7,sssp_duan_et_al,6.165204104036093e-05,7000.0,n10000k0.70i0
10000,0.7,dijkstra,0.0006517319707199931,7000.0,n10000k0.70i1
10000,0.7,sssp_duan_et_al,6.671296432614326e-05,7000.0,n10000k0.70i1
10000,0.7,dijkstra,0.0006382099818438292,7000.0,n10000k0.70i2
10000,0.7,sssp_duan_et_al,1.765298657119274e-05,7000.0,n10000k0.70i2
10000,0.7,dijkstra,0.0006647490081377327,7000.0,n10000k0.70i3
10000,0.7,sssp_duan_et_al,0.00014705199282616377,7000.0,n10000k0.70i3
10000,0.7,dijkstra,0.0006631650030612946,7000.0,n10000k0.70i4
10000,0.7,sssp_duan_et_al,2.532097278162837e-05,7000.0,n10000k0.70i4
10000,0.6,dijkstra,0.0006077800062485039,6000.0,n10000k0.60i0
10000,0.6,sssp_duan_et_al,2.1361978724598885e-05,6000.0,n10000k0.60i0
10000,0.6,dijkstra,0.0006071609677746892,6000.0,n10000k0.60i1
10000,0.6,sssp_duan_et_al,5.316903116181493e-05,6000.0,n10000k0.60i1
10000,0.6,dijkstra,0.0005965669988654554,6000.0,n10000k0.60i2
10000,0.6,sssp_duan_et_al,1.9422033801674843e-05,6000.0,n10000k0.60i2
10000,0.6,dijkstra,0.0006149410037323833,6000.0,n10000k0.60i3
10000,0.6,sssp_duan_et_al,0.00011957896640524268,6000.0,n10000k0.60i3
10000,0.6,dijkstra,0.0006032320088706911,6000.0,n10000k0.60i4
10000,0.6,sssp_duan_et_al,1.9828963559120893e-05,6000.0,n10000k0.60i4
10000,0.5,dijkstra,0.0005643909680657089,5000.0,n10000k0.50i0
10000,0.5,sssp_duan_et_al,5.817902274429798e-05,5000.0,n10000k0.50i0
10000,0.5,dijkstra,0.0005551920039579272,5000.0,n10000k0.50i1
10000,0.5,sssp_duan_et_al,2.0731997210532427e-05,5000.0,n10000k0.50i1
10000,0.5,dijkstra,0.0005450480384752154,5000.0,n10000k0.50i2
10000,0.5,sssp_duan_et_al,1.9153987523168325e-05,5000.0,n10000k0.50i2
10000,0.5,dijkstra,0.0005551279755309224,5000.0,n10000k0.50i3
10000,0.5,sssp_duan_et_al,9.103800402954221e-05,5000.0,n10000k0.50i3
10000,0.5,dijkstra,0.0005401669768616557,5000.0,n10000k0.50i4
10000,0.5,sssp_duan_et_al,5.770102143287659e-05,5000.0,n10000k0.50i4
50000,5,dijkstra,0.08158309396822006,250000,n50000k5.00i0
50000,5,sssp_duan_et_al,0.09725290897767991,250000,n50000k5.00i0
50000,5,dijkstra,0.08184053300647065,250000,n50000k5.00i1
50000,5,sssp_duan_et_al,0.150781943986658,250000,n50000k5.00i1
50000,5,dijkstra,0.08330241002840921,250000,n50000k5.00i2
50000,5,sssp_duan_et_al,0.11419027601368725,250000,n50000k5.00i2
50000,5,dijkstra,0.08222760399803519,250000,n50000k5.00i3
50000,5,sssp_duan_et_al,0.13589869101997465,250000,n50000k5.00i3
50000,5,dijkstra,0.08302799798548222,250000,n50000k5.00i4
50000,5,sssp_duan_et_al,0.09478336398024112,250000,n50000k5.00i4
50000,4.5,dijkstra,0.07616729603614658,225000.0,n50000k4.50i0
50000,4.5,sssp_duan_et_al,0.09650707402033731,225000.0,n50000k4.50i0
50000,4.5,dijkstra,0.07692138396669179,225000.0,n50000k4.50i1
50000,4.5,sssp_duan_et_al,0.15028254297794774,225000.0,n50000k4.50i1
50000,4.5,dijkstra,0.0756990909576416,225000.0,n50000k4.50i2
50000,4.5,sssp_duan_et_al,0.09670299099525437,225000.0,n50000k4.50i2
50000,4.5,dijkstra,0.07703685702290386,225000.0,n50000k4.50i3
50000,4.5,sssp_duan_et_al,0.09920568502275273,225000.0,n50000k4.50i3
50000,4.5,dijkstra,0.07741737499600276,225000.0,n50000k4.50i4
50000,4.5,sssp_duan_et_al,0.08435205795103684,225000.0,n50000k4.50i4
50000,4,dijkstra,0.07155716296983883,200000,n50000k4.00i0
50000,4,sssp_duan_et_al,0.10328170104185119,200000,n50000k4.00i0
50000,4,dijkstra,0.07075253804214299,200000,n50000k4.00i1
50000,4,sssp_duan_et_al,0.12213514099130407,200000,n50000k4.00i1
50000,4,dijkstra,0.07154839497525245,200000,n50000k4.00i2
50000,4,sssp_duan_et_al,0.13277915003709495,200000,n50000k4.00i2
50000,4,dijkstra,0.0718151910114102,200000,n50000k4.00i3
50000,4,sssp_duan_et_al,0.10557773301843554,200000,n50000k4.00i3
50000,4,dijkstra,0.07137315202271566,200000,n50000k4.00i4
50000,4,sssp_duan_et_al,0.10368800500873476,200000,n50000k4.00i4
50000,3.5,dijkstra,0.06511725299060345,175000.0,n50000k3.50i0
50000,3.5,sssp_duan_et_al,0.09835244197165594,175000.0,n50000k3.50i0
50000,3.5,dijkstra,0.06390749296406284,175000.0,n50000k3.50i1
50000,3.5,sssp_duan_et_al,0.09601157502038404,175000.0,n50000k3.50i1
50000,3.5,dijkstra,0.06503395497566089,175000.0,n50000k3.50i2
50000,3.5,sssp_duan_et_al,0.12852294300682843,175000.0,n50000k3.50i2
50000,3.5,dijkstra,0.0645964490249753,175000.0,n50000k3.50i3
50000,3.5,sssp_duan_et_al,0.10538181499578059,175000.0,n50000k3.50i3
50000,3.5,dijkstra,0.06557037599850446,175000.0,n50000k3.50i4
50000,3.5,sssp_duan_et_al,0.0953872170066461,175000.0,n50000k3.50i4
50000,3,dijkstra,0.05694391002180055,150000,n50000k3.00i0
50000,3,sssp_duan_et_al,0.07008621102431789,150000,n50000k3.00i0
50000,3,dijkstra,0.058092402992770076,150000,n50000k3.00i1
50000,3,sssp_duan_et_al,0.07535006501711905,150000,n50000k3.00i1
50000,3,dijkstra,0.05676143302116543,150000,n50000k3.00i2
50000,3,sssp_duan_et_al,0.09627925901440904,150000,n50000k3.00i2
50000,3,dijkstra,0.05774721899069846,150000,n50000k3.00i3
50000,3,sssp_duan_et_al,0.09676610300084576,150000,n50000k3.00i3
50000,3,dijkstra,0.05714626604458317,150000,n50000k3.00i4
50000,3,sssp_duan_et_al,0.09326152299763635,150000,n50000k3.00i4
50000,2.5,dijkstra,0.054618824971839786,125000.0,n50000k2.50i0
50000,2.5,sssp_duan_et_al,0.0747046850156039,125000.0,n50000k2.50i0
50000,2.5,dijkstra,0.04882167303003371,125000.0,n50000k2.50i1
50000,2.5,sssp_duan_et_al,0.07143487496068701,125000.0,n50000k2.50i1
50000,2.5,dijkstra,0.010983352025505155,125000.0,n50000k2.50i2
50000,2.5,sssp_duan_et_al,0.00014115701196715236,125000.0,n50000k2.50i2
50000,2.5,dijkstra,0.04904921696288511,125000.0,n50000k2.50i3
50000,2.5,sssp_duan_et_al,0.06584283703705296,125000.0,n50000k2.50i3
50000,2.5,dijkstra,0.04943444597302005,125000.0,n50000k2.50i4
50000,2.5,sssp_duan_et_al,0.07243805995676666,125000.0,n50000k2.50i4
50000,2,dijkstra,0.009919559000991285,100000,n50000k2.00i0
50000,2,sssp_duan_et_al,0.0002552890218794346,100000,n50000k2.00i0
50000,2,dijkstra,0.040885037975385785,100000,n50000k2.00i1
50000,2,sssp_duan_et_al,0.07292537798639387,100000,n50000k2.00i1
50000,2,dijkstra,0.041663152049295604,100000,n50000k2.00i2
50000,2,sssp_duan_et_al,0.07313076197169721,100000,n50000k2.00i2
50000,2,dijkstra,0.04530192696256563,100000,n50000k2.00i3
50000,2,sssp_duan_et_al,0.06159427500097081,100000,n50000k2.00i3
50000,2,dijkstra,0.04091045702807605,100000,n50000k2.00i4
50000,2,sssp_duan_et_al,0.06630253203911707,100000,n50000k2.00i4
50000,1.5,dijkstra,0.028645202983170748,75000.0,n50000k1.50i0
50000,1.5,sssp_duan_et_al,0.05519882100634277,75000.0,n50000k1.50i0
50000,1.5,dijkstra,0.027995909040328115,75000.0,n50000k1.50i1
50000,1.5,sssp_duan_et_al,0.0605637599946931,75000.0,n50000k1.50i1
50000,1.5,dijkstra,0.027743283018935472,75000.0,n50000k1.50i2
50000,1.5,sssp_duan_et_al,0.05712877499172464,75000.0,n50000k1.50i2
50000,1.5,dijkstra,0.00804914499167353,75000.0,n50000k1.50i3
50000,1.5,sssp_duan_et_al,0.00027914298698306084,75000.0,n50000k1.50i3
50000,1.5,dijkstra,0.0076522009912878275,75000.0,n50000k1.50i4
50000,1.5,sssp_duan_et_al,0.00016629300080239773,75000.0,n50000k1.50i4
50000,1,dijkstra,0.005506267014425248,50000,n50000k1.00i0
50000,1,sssp_duan_et_al,0.00010513298911973834,50000,n50000k1.00i0
50000,1,dijkstra,0.005452240991871804,50000,n50000k1.00i1
50000,1,sssp_duan_et_al,0.00010896800085902214,50000,n50000k1.00i1
50000,1,dijkstra,0.0052675530314445496,50000,n50000k1.00i2
50000,1,sssp_duan_et_al,0.00011021201498806477,50000,n50000k1.00i2
50000,1,dijkstra,0.005518098012544215,50000,n50000k1.00i3
50000,1,sssp_duan_et_al,0.0001103630056604743,50000,n50000k1.00i3
50000,1,dijkstra,0.0049594700103625655,50000,n50000k1.00i4
50000,1,sssp_duan_et_al,0.0001726930495351553,50000,n50000k1.00i4
50000,0.9,dijkstra,0.004960151039995253,45000.0,n50000k0.90i0
50000,0.9,sssp_duan_et_al,0.0002352599985897541,45000.0,n50000k0.90i0
50000,0.9,dijkstra,0.004853617982007563,45000.0,n50000k0.90i1
50000,0.9,sssp_duan_et_al,0.0001539040240459144,45000.0,n50000k0.90i1
50000,0.9,dijkstra,0.005121022986713797,45000.0,n50000k0.90i2
50000,0.9,sssp_duan_et_al,0.00010653800563886762,45000.0,n50000k0.90i2
50000,0.9,dijkstra,0.00477644195780158,45000.0,n50000k0.90i3
50000,0.9,sssp_duan_et_al,0.00010229594772681594,45000.0,n50000k0.90i3
50000,0.9,dijkstra,0.004804355965461582,45000.0,n50000k0.90i4
50000,0.9,sssp_duan_et_al,9.940203744918108e-05,45000.0,n50000k0.90i4
50000,0.8,dijkstra,0.004532251041382551,40000.0,n50000k0.80i0
50000,0.8,sssp_duan_et_al,0.00015010603237897158,40000.0,n50000k0.80i0
50000,0.8,dijkstra,0.00457295001251623,40000.0,n50000k0.80i1
50000,0.8,sssp_duan_et_al,9.673100430518389e-05,40000.0,n50000k0.80i1
50000,0.8,dijkstra,0.0043045629863627255,40000.0,n50000k0.80i2
50000,0.8,sssp_duan_et_al,9.597401367500424e-05,40000.0,n50000k0.80i2
50000,0.8,dijkstra,0.00452374602900818,40000.0,n50000k0.80i3
50000,0.8,sssp_duan_et_al,0.0001514269970357418,40000.0,n50000k0.80i3
50000,0.8,dijkstra,0.004453709989320487,40000.0,n50000k0.80i4
50000,0.8,sssp_duan_et_al,0.00013962300727143884,40000.0,n50000k0.80i4
50000,0.7,dijkstra,0.003943304996937513,35000.0,n50000k0.70i0
50000,0.7,sssp_duan_et_al,8.097302634268999e-05,35000.0,n50000k0.70i0
50000,0.7,dijkstra,0.004093241004738957,35000.0,n50000k0.70i1
50000,0.7,sssp_duan_et_al,0.00012815999798476696,35000.0,n50000k0.70i1
50000,0.7,dijkstra,0.004422431986313313,35000.0,n50000k0.70i2
50000,0.7,sssp_duan_et_al,0.00022464501671493053,35000.0,n50000k0.70i2
50000,0.7,dijkstra,0.004110833979211748,35000.0,n50000k0.70i3
50000,0.7,sssp_duan_et_al,9.517098078504205e-05,35000.0,n50000k0.70i3
50000,0.7,dijkstra,0.0043323260033503175,35000.0,n50000k0.70i4
50000,0.7,sssp_duan_et_al,9.03239706531167e-05,35000.0,n50000k0.70i4
50000,0.6,dijkstra,0.0035382500500418246,30000.0,n50000k0.60i0
50000,0.6,sssp_duan_et_al,9.220500942319632e-05,30000.0,n50000k0.60i0
50000,0.6,dijkstra,0.003886029007844627,30000.0,n50000k0.60i1
50000,0.6,sssp_duan_et_al,8.66670161485672e-05,30000.0,n50000k0.60i1
50000,0.6,dijkstra,0.0038175280205905437,30000.0,n50000k0.60i2
50000,0.6,sssp_duan_et_al,8.828903082758188e-05,30000.0,n50000k0.60i2
50000,0.6,dijkstra,0.0039781039813533425,30000.0,n50000k0.60i3
50000,0.6,sssp_duan_et_al,9.163597133010626e-05,30000.0,n50000k0.60i3
50000,0.6,dijkstra,0.003669939993415028,30000.0,n50000k0.60i4
50000,0.6,sssp_duan_et_al,8.578295819461346e-05,30000.0,n50000k0.60i4
50000,0.5,dijkstra,0.004414925002492964,25000.0,n50000k0.50i0
50000,0.5,sssp_duan_et_al,0.00019027898088097572,25000.0,n50000k0.50i0
50000,0.5,dijkstra,0.003773714997805655,25000.0,n50000k0.50i1
50000,0.5,sssp_duan_et_al,8.393399184569716e-05,25000.0,n50000k0.50i1
50000,0.5,dijkstra,0.003643333970103413,25000.0,n50000k0.50i2
50000,0.5,sssp_duan_et_al,8.084700675681233e-05,25000.0,n50000k0.50i2
50000,0.5,dijkstra,0.003854274982586503,25000.0,n50000k0.50i3
50000,0.5,sssp_duan_et_al,8.664996130391955e-05,25000.0,n50000k0.50i3
50000,0.5,dijkstra,0.004209608014207333,25000.0,n50000k0.50i4
50000,0.5,sssp_duan_et_al,8.054199861362576e-05,25000.0,n50000k0.50i4
100000,5,dijkstra,0.23605415102792904,500000,n100000k5.00i0
100000,5,sssp_duan_et_al,0.3996062190271914,500000,n100000k5.00i0
100000,5,dijkstra,0.23403799696825445,500000,n100000k5.00i1
100000,5,sssp_duan_et_al,0.42137125198496506,500000,n100000k5.00i1
100000,5,dijkstra,0.23918777401559055,500000,n100000k5.00i2
100000,5,sssp_duan_et_al,0.2186315520084463,500000,n100000k5.00i2
100000,5,dijkstra,0.23534104897407815,500000,n100000k5.00i3
100000,5,sssp_duan_et_al,0.20147345401346684,500000,n100000k5.00i3
100000,5,dijkstra,0.24298676196485758,500000,n100000k5.00i4
100000,5,sssp_duan_et_al,0.215934427047614,500000,n100000k5.00i4
100000,4.5,dijkstra,0.21495299600064754,450000.0,n100000k4.50i0
100000,4.5,sssp_duan_et_al,0.19950579199939966,450000.0,n100000k4.50i0
100000,4.5,dijkstra,0.22221515496494249,450000.0,n100000k4.50i1
100000,4.5,sssp_duan_et_al,0.26392999495146796,450000.0,n100000k4.50i1
100000,4.5,dijkstra,0.21834255097201094,450000.0,n100000k4.50i2
100000,4.5,sssp_duan_et_al,0.38266173005104065,450000.0,n100000k4.50i2
100000,4.5,dijkstra,0.2233732080203481,450000.0,n100000k4.50i3
100000,4.5,sssp_duan_et_al,0.3578720709774643,450000.0,n100000k4.50i3
100000,4.5,dijkstra,0.21772011800203472,450000.0,n100000k4.50i4
100000,4.5,sssp_duan_et_al,0.20524559100158513,450000.0,n100000k4.50i4
100000,4,dijkstra,0.1815071550081484,400000,n100000k4.00i0
100000,4,sssp_duan_et_al,0.24167456099530682,400000,n100000k4.00i0
100000,4,dijkstra,0.17506433697417378,400000,n100000k4.00i1
100000,4,sssp_duan_et_al,0.34035462100291625,400000,n100000k4.00i1
100000,4,dijkstra,0.18046354298712686,400000,n100000k4.00i2
100000,4,sssp_duan_et_al,0.17362531402613968,400000,n100000k4.00i2
100000,4,dijkstra,0.1764919149572961,400000,n100000k4.00i3
100000,4,sssp_duan_et_al,0.24391245003789663,400000,n100000k4.00i3
100000,4,dijkstra,0.1823348369798623,400000,n100000k4.00i4
100000,4,sssp_duan_et_al,0.34327448497060686,400000,n100000k4.00i4
100000,3.5,dijkstra,0.1583922819700092,350000.0,n100000k3.50i0
100000,3.5,sssp_duan_et_al,0.18179072899511084,350000.0,n100000k3.50i0
100000,3.5,dijkstra,0.16174894501455128,350000.0,n100000k3.50i1
100000,3.5,sssp_duan_et_al,0.1834261830081232,350000.0,n100000k3.50i1
100000,3.5,dijkstra,0.15995626896619797,350000.0,n100000k3.50i2
100000,3.5,sssp_duan_et_al,0.2010564689990133,350000.0,n100000k3.50i2
100000,3.5,dijkstra,0.1628560209646821,350000.0,n100000k3.50i3
100000,3.5,sssp_duan_et_al,0.16668277099961415,350000.0,n100000k3.50i3
100000,3.5,dijkstra,0.15915331902215257,350000.0,n100000k3.50i4
100000,3.5,sssp_duan_et_al,0.1772446480463259,350000.0,n100000k3.50i4
100000,3,dijkstra,0.14340674201957881,300000,n100000k3.00i0
100000,3,sssp_duan_et_al,0.18611493601929396,300000,n100000k3.00i0
100000,3,dijkstra,0.1400601909845136,300000,n100000k3.00i1
100000,3,sssp_duan_et_al,0.16931265097809955,300000,n100000k3.00i1
100000,3,dijkstra,0.1436945180175826,300000,n100000k3.00i2
100000,3,sssp_duan_et_al,0.39226202794816345,300000,n100000k3.00i2
100000,3,dijkstra,0.14166328602004796,300000,n100000k3.00i3
100000,3,sssp_duan_et_al,0.24556344602024183,300000,n100000k3.00i3
100000,3,dijkstra,0.1416617559734732,300000,n100000k3.00i4
100000,3,sssp_duan_et_al,0.3535501139704138,300000,n100000k3.00i4
100000,2.5,dijkstra,0.12083311798051,250000.0,n100000k2.50i0
100000,2.5,sssp_duan_et_al,0.1476328779826872,250000.0,n100000k2.50i0
100000,2.5,dijkstra,0.12163273600162938,250000.0,n100000k2.50i1
100000,2.5,sssp_duan_et_al,0.15438281901879236,250000.0,n100000k2.50i1
100000,2.5,dijkstra,0.12074132403358817,250000.0,n100000k2.50i2
100000,2.5,sssp_duan_et_al,0.14577750803437084,250000.0,n100000k2.50i2
100000,2.5,dijkstra,0.12129553203703836,250000.0,n100000k2.50i3
100000,2.5,sssp_duan_et_al,0.16499653802020475,250000.0,n100000k2.50i3
100000,2.5,dijkstra,0.12000864499714226,250000.0,n100000k2.50i4
100000,2.5,sssp_duan_et_al,0.548560096998699,250000.0,n100000k2.50i4
100000,2,dijkstra,0.021905330999288708,200000,n100000k2.00i0
100000,2,sssp_duan_et_al,0.0006081510218791664,200000,n100000k2.00i0
100000,2,dijkstra,0.09694581798976287,200000,n100000k2.00i1
100000,2,sssp_duan_et_al,0.17126084899064153,200000,n100000k2.00i1
100000,2,dijkstra,0.09612177999224514,200000,n100000k2.00i2
100000,2,sssp_duan_et_al,0.14988525403896347,200000,n100000k2.00i2
100000,2,dijkstra,0.09737845801282674,200000,n100000k2.00i3
100000,2,sssp_duan_et_al,0.1751736809965223,200000,n100000k2.00i3
100000,2,dijkstra,0.09715976496227086,200000,n100000k2.00i4
100000,2,sssp_duan_et_al,0.13808285299455747,200000,n100000k2.00i4
100000,1.5,dijkstra,0.017672309011686593,150000.0,n100000k1.50i0
100000,1.5,sssp_duan_et_al,0.0003651040024124086,150000.0,n100000k1.50i0
100000,1.5,dijkstra,0.06262150802649558,150000.0,n100000k1.50i1
100000,1.5,sssp_duan_et_al,0.1232441239990294,150000.0,n100000k1.50i1
100000,1.5,dijkstra,0.06389211898203939,150000.0,n100000k1.50i2
100000,1.5,sssp_duan_et_al,0.12033345602685586,150000.0,n100000k1.50i2
100000,1.5,dijkstra,0.015711084997747093,150000.0,n100000k1.50i3
100000,1.5,sssp_duan_et_al,0.0002861620159819722,150000.0,n100000k1.50i3
100000,1.5,dijkstra,0.06614850298501551,150000.0,n100000k1.50i4
100000,1.5,sssp_duan_et_al,0.1321797039709054,150000.0,n100000k1.50i4
100000,1,dijkstra,0.011119025002699345,100000,n100000k1.00i0
100000,1,sssp_duan_et_al,0.00023403397062793374,100000,n100000k1.00i0
100000,1,dijkstra,0.011702710995450616,100000,n100000k1.00i1
100000,1,sssp_duan_et_al,0.00024371000472456217,100000,n100000k1.00i1
100000,1,dijkstra,0.010497371957171708,100000,n100000k1.00i2
100000,1,sssp_duan_et_al,0.0001858790055848658,100000,n100000k1.00i2
100000,1,dijkstra,0.01152584800729528,100000,n100000k1.00i3
100000,1,sssp_duan_et_al,0.001969184959307313,100000,n100000k1.00i3
100000,1,dijkstra,0.011734260013327003,100000,n100000k1.00i4
100000,1,sssp_duan_et_al,0.00021429202752187848,100000,n100000k1.00i4
100000,0.9,dijkstra,0.012093633005861193,90000.0,n100000k0.90i0
100000,0.9,sssp_duan_et_al,0.0002038110396824777,90000.0,n100000k0.90i0
100000,0.9,dijkstra,0.011232638033106923,90000.0,n100000k0.90i1
100000,0.9,sssp_duan_et_al,0.0002448739833198488,90000.0,n100000k0.90i1
100000,0.9,dijkstra,0.012194815033581108,90000.0,n100000k0.90i2
100000,0.9,sssp_duan_et_al,0.0002681559999473393,90000.0,n100000k0.90i2
100000,0.9,dijkstra,0.011162371025420725,90000.0,n100000k0.90i3
100000,0.9,sssp_duan_et_al,0.0002055609948001802,90000.0,n100000k0.90i3
100000,0.9,dijkstra,0.012124908971600235,90000.0,n100000k0.90i4
100000,0.9,sssp_duan_et_al,0.0002506359596736729,90000.0,n100000k0.90i4
100000,0.8,dijkstra,0.010454589035362005,80000.0,n100000k0.80i0
100000,0.8,sssp_duan_et_al,0.00019030098337680101,80000.0,n100000k0.80i0
100000,0.8,dijkstra,0.010931190976407379,80000.0,n100000k0.80i1
100000,0.8,sssp_duan_et_al,0.00018875900423154235,80000.0,n100000k0.80i1
100000,0.8,dijkstra,0.010232002008706331,80000.0,n100000k0.80i2
100000,0.8,sssp_duan_et_al,0.00029825803358107805,80000.0,n100000k0.80i2
100000,0.8,dijkstra,0.011300190992187709,80000.0,n100000k0.80i3
100000,0.8,sssp_duan_et_al,0.00026091799372807145,80000.0,n100000k0.80i3
100000,0.8,dijkstra,0.010261880001053214,80000.0,n100000k0.80i4
100000,0.8,sssp_duan_et_al,0.0002377720084041357,80000.0,n100000k0.80i4
100000,0.7,dijkstra,0.009794834011700004,70000.0,n100000k0.70i0
100000,0.7,sssp_duan_et_al,0.00018077099230140448,70000.0,n100000k0.70i0
100000,0.7,dijkstra,0.009137601009570062,70000.0,n100000k0.70i1
100000,0.7,sssp_duan_et_al,0.00018963799811899662,70000.0,n100000k0.70i1
100000,0.7,dijkstra,0.009683185024186969,70000.0,n100000k0.70i2
100000,0.7,sssp_duan_et_al,0.00017490703612565994,70000.0,n100000k0.70i2
100000,0.7,dijkstra,0.009119936032220721,70000.0,n100000k0.70i3
100000,0.7,sssp_duan_et_al,0.000287041999399662,70000.0,n100000k0.70i3
100000,0.7,dijkstra,0.009879354969598353,70000.0,n100000k0.70i4
100000,0.7,sssp_duan_et_al,0.00017526897136121988,70000.0,n100000k0.70i4
100000,0.6,dijkstra,0.008267161960247904,60000.0,n100000k0.60i0
100000,0.6,sssp_duan_et_al,0.00022529199486598372,60000.0,n100000k0.60i0
100000,0.6,dijkstra,0.009024914994370192,60000.0,n100000k0.60i1
100000,0.6,sssp_duan_et_al,0.00021888298215344548,60000.0,n100000k0.60i1
100000,0.6,dijkstra,0.008279541973024607,60000.0,n100000k0.60i2
100000,0.6,sssp_duan_et_al,0.00016685796435922384,60000.0,n100000k0.60i2
100000,0.6,dijkstra,0.009064634970854968,60000.0,n100000k0.60i3
100000,0.6,sssp_duan_et_al,0.00016601302195340395,60000.0,n100000k0.60i3
100000,0.6,dijkstra,0.008255243999883533,60000.0,n100000k0.60i4
100000,0.6,sssp_duan_et_al,0.0002454870264045894,60000.0,n100000k0.60i4
100000,0.5,dijkstra,0.008327764982823282,50000.0,n100000k0.50i0
100000,0.5,sssp_duan_et_al,0.00020597799448296428,50000.0,n100000k0.50i0
100000,0.5,dijkstra,0.007521475024987012,50000.0,n100000k0.50i1
100000,0.5,sssp_duan_et_al,0.00025205902056768537,50000.0,n100000k0.50i1
100000,0.5,dijkstra,0.008490102016367018,50000.0,n100000k0.50i2
100000,0.5,sssp_duan_et_al,0.00014153396477922797,50000.0,n100000k0.50i2
100000,0.5,dijkstra,0.00778657803311944,50000.0,n100000k0.50i3
100000,0.5,sssp_duan_et_al,0.00015421595890074968,50000.0,n100000k0.50i3
100000,0.5,dijkstra,0.008208254002965987,50000.0,n100000k0.50i4
100000,0.5,sssp_duan_et_al,0.00023094401694834232,50000.0,n100000k0.50i4
500000,5,dijkstra,2.115259836020414,2500000,n500000k5.00i0
500000,5,sssp_duan_et_al,3.3573466290254146,2500000,n500000k5.00i0
500000,5,dijkstra,2.1439573859679513,2500000,n500000k5.00i1
500000,5,sssp_duan_et_al,2.2611670189653523,2500000,n500000k5.00i1
500000,5,dijkstra,1.9754969789646566,2500000,n500000k5.00i2
500000,5,sssp_duan_et_al,2.840986362018157,2500000,n500000k5.00i2
500000,5,dijkstra,2.1367809060029685,2500000,n500000k5.00i3
500000,5,sssp_duan_et_al,4.786734554974828,2500000,n500000k5.00i3
500000,5,dijkstra,1.9906047240365297,2500000,n500000k5.00i4
500000,5,sssp_duan_et_al,4.044107996975072,2500000,n500000k5.00i4
500000,4.5,dijkstra,1.8279705370077863,2250000.0,n500000k4.50i0
500000,4.5,sssp_duan_et_al,1.8326322779757902,2250000.0,n500000k4.50i0
500000,4.5,dijkstra,1.9728407859802246,2250000.0,n500000k4.50i1
500000,4.5,sssp_duan_et_al,3.3171761740231887,2250000.0,n500000k4.50i1
500000,4.5,dijkstra,1.8244904410094023,2250000.0,n500000k4.50i2
500000,4.5,sssp_duan_et_al,2.665220204042271,2250000.0,n500000k4.50i2
500000,4.5,dijkstra,1.8331484240479767,2250000.0,n500000k4.50i3
500000,4.5,sssp_duan_et_al,2.472841594950296,2250000.0,n500000k4.50i3
500000,4.5,dijkstra,1.8274718610337004,2250000.0,n500000k4.50i4
500000,4.5,sssp_duan_et_al,3.0415481668896973,2250000.0,n500000k4.50i4
500000,4,dijkstra,1.670083965989761,2000000,n500000k4.00i0
500000,4,sssp_duan_et_al,2.7576402800623327,2000000,n500000k4.00i0
500000,4,dijkstra,1.6687012349721044,2000000,n500000k4.00i1
500000,4,sssp_duan_et_al,1.8782804369693622,2000000,n500000k4.00i1
500000,4,dijkstra,1.6685517879668623,2000000,n500000k4.00i2
500000,4,sssp_duan_et_al,2.355209205998108,2000000,n500000k4.00i2
500000,4,dijkstra,1.6648709289729595,2000000,n500000k4.00i3
500000,4,sssp_duan_et_al,2.9500074160750955,2000000,n500000k4.00i3
500000,4,dijkstra,1.6736908300081268,2000000,n500000k4.00i4
500000,4,sssp_duan_et_al,1.856478066998534,2000000,n500000k4.00i4
500000,3.5,dijkstra,1.4924362750025466,1750000.0,n500000k3.50i0
500000,3.5,sssp_duan_et_al,3.802292992011644,1750000.0,n500000k3.50i0
500000,3.5,dijkstra,1.5005857470678166,1750000.0,n500000k3.50i1
500000,3.5,sssp_duan_et_al,2.4657082291087136,1750000.0,n500000k3.50i1
500000,3.5,dijkstra,1.494291468989104,1750000.0,n500000k3.50i2
500000,3.5,sssp_duan_et_al,2.2028822149150074,1750000.0,n500000k3.50i2
500000,3.5,dijkstra,1.4986465910915285,1750000.0,n500000k3.50i3
500000,3.5,sssp_duan_et_al,2.8390695919515565,1750000.0,n500000k3.50i3
500000,3.5,dijkstra,1.4961872959975153,1750000.0,n500000k3.50i4
500000,3.5,sssp_duan_et_al,2.6158561169868335,1750000.0,n500000k3.50i4
500000,3,dijkstra,1.3159734780201688,1500000,n500000k3.00i0
500000,3,sssp_duan_et_al,1.9216752159409225,1500000,n500000k3.00i0
500000,3,dijkstra,1.3067598980851471,1500000,n500000k3.00i1
500000,3,sssp_duan_et_al,1.3350373179418966,1500000,n500000k3.00i1
500000,3,dijkstra,1.3200495699420571,1500000,n500000k3.00i2
500000,3,sssp_duan_et_al,1.8272249420406297,1500000,n500000k3.00i2
500000,3,dijkstra,1.306450544972904,1500000,n500000k3.00i3
500000,3,sssp_duan_et_al,2.3347073069307953,1500000,n500000k3.00i3
500000,3,dijkstra,1.3171581130009145,1500000,n500000k3.00i4
500000,3,sssp_duan_et_al,2.219855495961383,1500000,n500000k3.00i4
500000,2.5,dijkstra,1.1915561249479651,1250000.0,n500000k2.50i0
500000,2.5,sssp_duan_et_al,1.9731840660097077,1250000.0,n500000k2.50i0
500000,2.5,dijkstra,1.1070626019500196,1250000.0,n500000k2.50i1
500000,2.5,sssp_duan_et_al,2.275024870992638,1250000.0,n500000k2.50i1
500000,2.5,dijkstra,1.1066517930012196,1250000.0,n500000k2.50i2
500000,2.5,sssp_duan_et_al,0.8028475040337071,1250000.0,n500000k2.50i2
500000,2.5,dijkstra,1.1046646679751575,1250000.0,n500000k2.50i3
500000,2.5,sssp_duan_et_al,0.8282980750082061,1250000.0,n500000k2.50i3
500000,2.5,dijkstra,0.21984215604607016,1250000.0,n500000k2.50i4
500000,2.5,sssp_duan_et_al,0.00374050997197628,1250000.0,n500000k2.50i4
500000,2,dijkstra,0.9436166658997536,1000000,n500000k2.00i0
500000,2,sssp_duan_et_al,0.7235278079751879,1000000,n500000k2.00i0
500000,2,dijkstra,0.8574602321023121,1000000,n500000k2.00i1
500000,2,sssp_duan_et_al,0.7061784469988197,1000000,n500000k2.00i1
500000,2,dijkstra,0.9488371859770268,1000000,n500000k2.00i2
500000,2,sssp_duan_et_al,0.7572401749202982,1000000,n500000k2.00i2
500000,2,dijkstra,0.8637625280534849,1000000,n500000k2.00i3
500000,2,sssp_duan_et_al,0.7550921429647133,1000000,n500000k2.00i3
500000,2,dijkstra,0.8676780919777229,1000000,n500000k2.00i4
500000,2,sssp_duan_et_al,0.7074175209272653,1000000,n500000k2.00i4
500000,1.5,dijkstra,0.5466794279636815,750000.0,n500000k1.50i0
500000,1.5,sssp_duan_et_al,0.5895500789629295,750000.0,n500000k1.50i0
500000,1.5,dijkstra,0.5456107479985803,750000.0,n500000k1.50i1
500000,1.5,sssp_duan_et_al,0.637578469933942,750000.0,n500000k1.50i1
500000,1.5,dijkstra,0.5407941850135103,750000.0,n500000k1.50i2
500000,1.5,sssp_duan_et_al,0.5949363959953189,750000.0,n500000k1.50i2
500000,1.5,dijkstra,0.6094429850345477,750000.0,n500000k1.50i3
500000,1.5,sssp_duan_et_al,0.5501799150370061,750000.0,n500000k1.50i3
500000,1.5,dijkstra,0.5331790449563414,750000.0,n500000k1.50i4
500000,1.5,sssp_duan_et_al,0.6218567589530721,750000.0,n500000k1.50i4
500000,1,dijkstra,0.1012457920005545,500000,n500000k1.00i0
500000,1,sssp_duan_et_al,0.005037126014940441,500000,n500000k1.00i0
500000,1,dijkstra,0.09335054398979992,500000,n500000k1.00i1
500000,1,sssp_duan_et_al,0.0021179369650781155,500000,n500000k1.00i1
500000,1,dijkstra,0.09424885699991137,500000,n500000k1.00i2
500000,1,sssp_duan_et_al,0.003391672973521054,500000,n500000k1.00i2
500000,1,dijkstra,0.09206729207653552,500000,n500000k1.00i3
500000,1,sssp_duan_et_al,0.0021752379834651947,500000,n500000k1.00i3
500000,1,dijkstra,0.09538294305093586,500000,n500000k1.00i4
500000,1,sssp_duan_et_al,0.003513921983540058,500000,n500000k1.00i4
500000,0.9,dijkstra,0.08814220502972603,450000.0,n500000k0.90i0
500000,0.9,sssp_duan_et_al,0.0032345439540222287,450000.0,n500000k0.90i0
500000,0.9,dijkstra,0.08329409500584006,450000.0,n500000k0.90i1
500000,0.9,sssp_duan_et_al,0.0018306949641555548,450000.0,n500000k0.90i1
500000,0.9,dijkstra,0.08933038997929543,450000.0,n500000k0.90i2
500000,0.9,sssp_duan_et_al,0.004352805088274181,450000.0,n500000k0.90i2
500000,0.9,dijkstra,0.08351824793498963,450000.0,n500000k0.90i3
500000,0.9,sssp_duan_et_al,0.001949544996023178,450000.0,n500000k0.90i3
500000,0.9,dijkstra,0.09007211693096906,450000.0,n500000k0.90i4
500000,0.9,sssp_duan_et_al,0.0034292229684069753,450000.0,n500000k0.90i4
500000,0.8,dijkstra,0.07820500596426427,400000.0,n500000k0.80i0
500000,0.8,sssp_duan_et_al,0.0029018259374424815,400000.0,n500000k0.80i0
500000,0.8,dijkstra,0.07727059803437442,400000.0,n500000k0.80i1
500000,0.8,sssp_duan_et_al,0.0016628230223432183,400000.0,n500000k0.80i1
500000,0.8,dijkstra,0.07961796596646309,400000.0,n500000k0.80i2
500000,0.8,sssp_duan_et_al,0.0030862080166116357,400000.0,n500000k0.80i2
500000,0.8,dijkstra,0.07744830998126417,400000.0,n500000k0.80i3
500000,0.8,sssp_duan_et_al,0.0017317439196631312,400000.0,n500000k0.80i3
500000,0.8,dijkstra,0.08198332507163286,400000.0,n500000k0.80i4
500000,0.8,sssp_duan_et_al,0.0032383709913119674,400000.0,n500000k0.80i4
500000,0.7,dijkstra,0.07267276605125517,350000.0,n500000k0.70i0
500000,0.7,sssp_duan_et_al,0.0027260170318186283,350000.0,n500000k0.70i0
500000,0.7,dijkstra,0.06959106598515064,350000.0,n500000k0.70i1
500000,0.7,sssp_duan_et_al,0.001504488056525588,350000.0,n500000k0.70i1
500000,0.7,dijkstra,0.07454656902700663,350000.0,n500000k0.70i2
500000,0.7,sssp_duan_et_al,0.002973934984765947,350000.0,n500000k0.70i2
500000,0.7,dijkstra,0.0693013418931514,350000.0,n500000k0.70i3
500000,0.7,sssp_duan_et_al,0.001688153948634863,350000.0,n500000k0.70i3
500000,0.7,dijkstra,0.07576162903569639,350000.0,n500000k0.70i4
500000,0.7,sssp_duan_et_al,0.0031030550599098206,350000.0,n500000k0.70i4
500000,0.6,dijkstra,0.06406357698142529,300000.0,n500000k0.60i0
500000,0.6,sssp_duan_et_al,0.0026432699523866177,300000.0,n500000k0.60i0
500000,0.6,dijkstra,0.0634848428890109,300000.0,n500000k0.60i1
500000,0.6,sssp_duan_et_al,0.0014794999733567238,300000.0,n500000k0.60i1
500000,0.6,dijkstra,0.059598175110295415,300000.0,n500000k0.60i2
500000,0.6,sssp_duan_et_al,0.0013190261088311672,300000.0,n500000k0.60i2
500000,0.6,dijkstra,0.05380651098676026,300000.0,n500000k0.60i3
500000,0.6,sssp_duan_et_al,0.0012667879927903414,300000.0,n500000k0.60i3
500000,0.6,dijkstra,0.059896621154621243,300000.0,n500000k0.60i4
500000,0.6,sssp_duan_et_al,0.0012856030371040106,300000.0,n500000k0.60i4
500000,0.5,dijkstra,0.04798255511559546,250000.0,n500000k0.50i0
500000,0.5,sssp_duan_et_al,0.0010197339579463005,250000.0,n500000k0.50i0
500000,0.5,dijkstra,0.045311992056667805,250000.0,n500000k0.50i1
500000,0.5,sssp_duan_et_al,0.0010693420190364122,250000.0,n500000k0.50i1
500000,0.5,dijkstra,0.04672940820455551,250000.0,n500000k0.50i2
500000,0.5,sssp_duan_et_al,0.0010475500021129847,250000.0,n500000k0.50i2
500000,0.5,dijkstra,0.04527596081607044,250000.0,n500000k0.50i3
500000,0.5,sssp_duan_et_al,0.0010052109137177467,250000.0,n500000k0.50i3
500000,0.5,dijkstra,0.05432063201442361,250000.0,n500000k0.50i4
500000,0.5,sssp_duan_et_al,0.0011714498978108168,250000.0,n500000k0.50i4
